[{"model": "admin.logentry", "pk": 1, "fields": {"action_time": "2022-02-07T06:15:12.213Z", "user": 1, "content_type": null, "object_id": "IN", "object_repr": "India", "action_flag": 2, "change_message": "[{\"changed\": {\"fields\": [\"Is shipping country\"]}}]"}}, {"model": "admin.logentry", "pk": 2, "fields": {"action_time": "2022-02-07T06:27:25.660Z", "user": 1, "content_type": null, "object_id": "1", "object_repr": "#100001", "action_flag": 3, "change_message": ""}}, {"model": "admin.logentry", "pk": 3, "fields": {"action_time": "2022-02-07T06:47:20.251Z", "user": 1, "content_type": null, "object_id": "2", "object_repr": "#100001", "action_flag": 3, "change_message": ""}}, {"model": "admin.logentry", "pk": 4, "fields": {"action_time": "2022-02-07T11:28:23.722Z", "user": 1, "content_type": null, "object_id": "1", "object_repr": "Boutique object (1)", "action_flag": 1, "change_message": "[{\"added\": {}}]"}}, {"model": "admin.logentry", "pk": 5, "fields": {"action_time": "2022-02-07T11:28:35.414Z", "user": 1, "content_type": null, "object_id": "2", "object_repr": "Boutique object (2)", "action_flag": 1, "change_message": "[{\"added\": {}}]"}}, {"model": "admin.logentry", "pk": 6, "fields": {"action_time": "2022-02-07T12:04:04.054Z", "user": 1, "content_type": null, "object_id": "4", "object_repr": "#100002", "action_flag": 3, "change_message": ""}}, {"model": "admin.logentry", "pk": 7, "fields": {"action_time": "2022-02-17T12:56:15.726Z", "user": 1, "content_type": null, "object_id": "2", "object_repr": "komalrajput", "action_flag": 2, "change_message": "[{\"changed\": {\"fields\": [\"Username\"]}}]"}}, {"model": "admin.logentry", "pk": 8, "fields": {"action_time": "2022-02-21T11:07:38.540Z", "user": 1, "content_type": null, "object_id": "3", "object_repr": "test", "action_flag": 1, "change_message": "[{\"added\": {}}]"}}, {"model": "admin.logentry", "pk": 9, "fields": {"action_time": "2022-02-21T11:08:03.903Z", "user": 1, "content_type": null, "object_id": "2", "object_repr": "komalrajput", "action_flag": 3, "change_message": ""}}, {"model": "admin.logentry", "pk": 10, "fields": {"action_time": "2022-02-21T11:14:12.524Z", "user": 1, "content_type": null, "object_id": "4", "object_repr": "test2", "action_flag": 1, "change_message": "[{\"added\": {}}]"}}, {"model": "admin.logentry", "pk": 11, "fields": {"action_time": "2022-02-21T11:14:37.499Z", "user": 1, "content_type": null, "object_id": "4", "object_repr": "test2", "action_flag": 2, "change_message": "[{\"changed\": {\"fields\": [\"First name\", \"Last name\", \"Email address\"]}}]"}}, {"model": "admin.logentry", "pk": 12, "fields": {"action_time": "2022-02-21T11:14:56.254Z", "user": 1, "content_type": null, "object_id": "3", "object_repr": "test", "action_flag": 2, "change_message": "[{\"changed\": {\"fields\": [\"First name\", \"Last name\", \"Email address\"]}}]"}}, {"model": "admin.logentry", "pk": 13, "fields": {"action_time": "2022-02-21T11:15:09.368Z", "user": 1, "content_type": null, "object_id": "3", "object_repr": "test1", "action_flag": 2, "change_message": "[{\"changed\": {\"fields\": [\"Username\"]}}]"}}, {"model": "auth.user", "pk": 1, "fields": {"password": "pbkdf2_sha256$260000$dQe5c44J8cmR4XIBOJP0q8$0BQoB6RvHkMaNJrrjScvxE1z3kvGBoWvEv2h7g/KDM8=", "last_login": "2022-02-15T04:40:29.222Z", "is_superuser": true, "username": "admin", "first_name": "", "last_name": "", "email": "admin@gmail.com", "is_staff": true, "is_active": true, "date_joined": "2022-02-04T13:09:16.887Z", "groups": [], "user_permissions": []}}, {"model": "auth.user", "pk": 3, "fields": {"password": "pbkdf2_sha256$260000$yUHFjmX1sxfHgl7dYHTDZh$I5x6Z5jfwt3qyqovqlbu0ZcVTgpDe0cDb17Ek9RPKcY=", "last_login": null, "is_superuser": false, "username": "test1", "first_name": "Test1", "last_name": "User", "email": "test1@example.com", "is_staff": false, "is_active": true, "date_joined": "2022-02-21T11:07:38Z", "groups": [], "user_permissions": []}}, {"model": "auth.user", "pk": 4, "fields": {"password": "pbkdf2_sha256$260000$CB1idMLmJultcsMHzc0TrS$UYGfKVW4PxlHeRvHDOaviZKdVB0+akamA7o0wGmdvis=", "last_login": null, "is_superuser": false, "username": "test2", "first_name": "Test2", "last_name": "User", "email": "test2@example.com", "is_staff": false, "is_active": true, "date_joined": "2022-02-21T11:14:12Z", "groups": [], "user_permissions": []}}, {"model": "sessions.session", "pk": "7pcmh1avh492825g6npzevklwj3wpxrt", "fields": {"session_data": ".eJxtj8EKgzAQRP8lZ5EYoyY99t5vCOvu2liLAU1aivTfW6kFCz3OvJmBWYSDFL1LM0-uJ3EQhcj2Xgs48LgCusB4DjmGMU59m6-RfKNzfgrE1-OW_RnwMPu1LQ0qXdWkVIMSkSxraVtrNZRUSFM2CCWbwlBDlW6lklxYBupq02nVNe9R9IxDSNERRBCH5bmzwkTbgToTH1G56GEcHiG5W893frM4Jf7i-j9-vgDx-V5D:1nH2zQ:5ZDQL7bUswI0a1HktQEYokObHYOIEVXXqj5vrc3sv1k", "expire_date": "2022-02-21T12:19:28.159Z"}}, {"model": "sessions.session", "pk": "8bldkbxxs8r2izp5e3u6vvsw37zd5bxd", "fields": {"session_data": ".eJxVj8tuhDAMRf8la4rCa4BZjtTvQI5tmoiBoDhZjfj3BjqqWq_8uPfYfqkJUrRTEg6TI3VXlSr-9gzgwts58IIQSth3KTFJ9Cvn6tS9JVJ-ruCej7fhH8WC2IwgPWDddjeq6x41Io3c6tGMYwsNVXpoeoSGh2qgnrrW6FpzNTLQfBvmtp77DEXLuPgUJ4II6v5SYt2-u-3rzK9dQBRY5PqmKtTK0Xqa0BPnC-bA_PFrOQpl3PP5486FJLM6Eee3k-YDZdyWVsMho3SOLhtAFo4XvTuO4xvLGGzm:1nJpw9:RPF4yc-H5_xzFkzNT2GpUlOebbiA7Ul_2P-Ln69vYLA", "expire_date": "2022-03-01T04:59:37.586Z"}}, {"model": "sessions.session", "pk": "qny53fton5o6z703st4ln5tuccq6mrkb", "fields": {"session_data": ".eJxVjDsOwjAQBe_iGlnrT2Kbkj5niNa7axJAsZRPhbg7spQC2jcz761GPPZpPDZZx5nVVRl1-d0y0lOWBviBy71qqsu-zlk3RZ9000Nled1O9-9gwm1qNUSyvuvZ2kBAxEk8pJySR8cGoguETqKJHLjzGSyISYJc-li8LUF9vtrxN9Y:1nI7jl:tP5Zzz63MNPE9f5sp0C3QB51LncXdWl1ha2eqq9IDQk", "expire_date": "2022-02-24T11:35:45.146Z"}}, {"model": "sessions.session", "pk": "vfjpcc9hd49lzw7ihzmmoiqzfqdllnkz", "fields": {"session_data": ".eJxVjMEOgyAQRP-Fc0MAUaDHJv0OsuwuwbRWI3Jq-u_VxEN7nJk37y0itK3EVnmNI4mr0OLy2yXAB7-OYa4Iq4RlqRJb3eaJ93RwJ1LlfYLxeTsPf5YCtewKUh6N7QcyxqFCpMBWhRSChY608p1D6NhrT456m5RRrAMD5cFna7ITny9ADjoG:1nH0o5:wa8VH8W3egZsfvDZB4ecTEJCsW3V97dwDYmhH3Z0dS8", "expire_date": "2022-02-21T09:59:37.400Z"}}, {"model": "sites.site", "pk": 1, "fields": {"domain": "example.com", "name": "example.com"}}, {"model": "flatpages.flatpage", "pk": 1, "fields": {"url": "/dashboard/test_page/", "title": "Testing page", "content": "<h2><em>Hello, this is testing page</em></h2>", "enable_comments": false, "template_name": "", "registration_required": false, "sites": [1]}}, {"model": "catalogue.product", "pk": 7, "fields": {"structure": "standalone", "is_public": true, "upc": "RD123", "parent": null, "title": "The Rich Dad and Poor Dad", "slug": "the-rich-dad-and-poor-dad", "description": "", "meta_title": null, "meta_description": "", "product_class": 2, "rating": 4.0, "date_created": "2022-02-10T11:51:01.878Z", "date_updated": "2022-02-15T05:09:50.472Z", "is_discountable": true, "video_url": null, "product_options": []}}, {"model": "catalogue.product", "pk": 8, "fields": {"structure": "standalone", "is_public": true, "upc": "", "parent": null, "title": "Atomic Habits", "slug": "atomic-habits", "description": "", "meta_title": null, "meta_description": "", "product_class": 2, "rating": 3.0, "date_created": "2022-02-10T12:25:34.808Z", "date_updated": "2022-02-11T12:08:26.868Z", "is_discountable": true, "video_url": null, "product_options": []}}, {"model": "catalogue.product", "pk": 10, "fields": {"structure": "standalone", "is_public": true, "upc": "", "parent": null, "title": "The Psychology of Money", "slug": "the-psychology-of-money", "description": "", "meta_title": null, "meta_description": "", "product_class": 2, "rating": null, "date_created": "2022-02-11T08:55:07.888Z", "date_updated": "2022-02-11T08:58:02.832Z", "is_discountable": true, "video_url": null, "product_options": []}}, {"model": "catalogue.product", "pk": 11, "fields": {"structure": "standalone", "is_public": true, "upc": "", "parent": null, "title": "Sony WH-1000XM3 Bluetooth Wireless Over Ear Headphones with Mic (Black)", "slug": "sony-wh-1000xm3-bluetooth-wireless-over-ear-headphones-with-mic-black", "description": "", "meta_title": null, "meta_description": "", "product_class": 3, "rating": null, "date_created": "2022-02-14T12:21:02.339Z", "date_updated": "2022-02-14T12:28:05.796Z", "is_discountable": true, "video_url": null, "product_options": []}}, {"model": "catalogue.product", "pk": 12, "fields": {"structure": "standalone", "is_public": true, "upc": "", "parent": null, "title": "Samsung Galaxy M32 5G (Sky Blue, 6GB RAM, 128GB Storage)", "slug": "samsung-galaxy-m32-5g-sky-blue-6gb-ram-128gb-storage", "description": "", "meta_title": null, "meta_description": "", "product_class": 3, "rating": null, "date_created": "2022-02-14T13:18:22.134Z", "date_updated": "2022-02-14T13:18:22.134Z", "is_discountable": true, "video_url": null, "product_options": []}}, {"model": "catalogue.productclass", "pk": 2, "fields": {"name": "Books", "slug": "books", "requires_shipping": true, "track_stock": true, "options": []}}, {"model": "catalogue.productclass", "pk": 3, "fields": {"name": "Electronics", "slug": "electronics", "requires_shipping": true, "track_stock": true, "options": []}}, {"model": "catalogue.category", "pk": 1, "fields": {"path": "0001", "depth": 1, "numchild": 2, "name": "Books", "description": "", "meta_title": null, "meta_description": "", "image": "", "slug": "category-1", "is_public": true, "ancestors_are_public": true}}, {"model": "catalogue.category", "pk": 2, "fields": {"path": "00010002", "depth": 2, "numchild": 0, "name": "Fiction", "description": "", "meta_title": null, "meta_description": "", "image": "", "slug": "sucategory-1", "is_public": true, "ancestors_are_public": true}}, {"model": "catalogue.category", "pk": 5, "fields": {"path": "00010001", "depth": 2, "numchild": 0, "name": "Non-Fiction", "description": "", "meta_title": null, "meta_description": "", "image": "", "slug": "non-fiction", "is_public": true, "ancestors_are_public": true}}, {"model": "catalogue.category", "pk": 6, "fields": {"path": "0002", "depth": 1, "numchild": 2, "name": "Electronics", "description": "", "meta_title": null, "meta_description": "", "image": "", "slug": "electronics", "is_public": true, "ancestors_are_public": true}}, {"model": "catalogue.category", "pk": 7, "fields": {"path": "00020002", "depth": 2, "numchild": 0, "name": "Mobiles", "description": "", "meta_title": null, "meta_description": "", "image": "", "slug": "mobiles", "is_public": true, "ancestors_are_public": true}}, {"model": "catalogue.category", "pk": 9, "fields": {"path": "00020001", "depth": 2, "numchild": 0, "name": "Headphones", "description": "", "meta_title": null, "meta_description": "", "image": "", "slug": "headphones", "is_public": true, "ancestors_are_public": true}}, {"model": "catalogue.productcategory", "pk": 3, "fields": {"product": 7, "category": 5}}, {"model": "catalogue.productcategory", "pk": 4, "fields": {"product": 8, "category": 5}}, {"model": "catalogue.productcategory", "pk": 5, "fields": {"product": 10, "category": 5}}, {"model": "catalogue.productcategory", "pk": 6, "fields": {"product": 11, "category": 9}}, {"model": "catalogue.productcategory", "pk": 7, "fields": {"product": 12, "category": 7}}, {"model": "catalogue.productrecommendation", "pk": 1, "fields": {"primary": 7, "recommendation": 10, "ranking": 1}}, {"model": "catalogue.productattribute", "pk": 1, "fields": {"product_class": 2, "name": "Author", "code": "AUT", "type": "text", "option_group": null, "required": true}}, {"model": "catalogue.productattribute", "pk": 2, "fields": {"product_class": 2, "name": "Format", "code": "FMT", "type": "text", "option_group": null, "required": true}}, {"model": "catalogue.productattribute", "pk": 3, "fields": {"product_class": 3, "name": "Brand", "code": "BRAND", "type": "text", "option_group": null, "required": true}}, {"model": "catalogue.productattributevalue", "pk": 1, "fields": {"attribute": 1, "product": 7, "value_text": "Robert Kiyosaki", "value_integer": null, "value_boolean": null, "value_float": null, "value_richtext": null, "value_date": null, "value_datetime": null, "value_option": null, "value_file": "", "value_image": "", "entity_content_type": null, "entity_object_id": null, "value_multi_option": []}}, {"model": "catalogue.productattributevalue", "pk": 2, "fields": {"attribute": 1, "product": 8, "value_text": "James Clear", "value_integer": null, "value_boolean": null, "value_float": null, "value_richtext": null, "value_date": null, "value_datetime": null, "value_option": null, "value_file": "", "value_image": "", "entity_content_type": null, "entity_object_id": null, "value_multi_option": []}}, {"model": "catalogue.productattributevalue", "pk": 3, "fields": {"attribute": 2, "product": 8, "value_text": "E Book", "value_integer": null, "value_boolean": null, "value_float": null, "value_richtext": null, "value_date": null, "value_datetime": null, "value_option": null, "value_file": "", "value_image": "", "entity_content_type": null, "entity_object_id": null, "value_multi_option": []}}, {"model": "catalogue.productattributevalue", "pk": 4, "fields": {"attribute": 2, "product": 7, "value_text": "Audio", "value_integer": null, "value_boolean": null, "value_float": null, "value_richtext": null, "value_date": null, "value_datetime": null, "value_option": null, "value_file": "", "value_image": "", "entity_content_type": null, "entity_object_id": null, "value_multi_option": []}}, {"model": "catalogue.productattributevalue", "pk": 7, "fields": {"attribute": 1, "product": 10, "value_text": "Morgan Housel", "value_integer": null, "value_boolean": null, "value_float": null, "value_richtext": null, "value_date": null, "value_datetime": null, "value_option": null, "value_file": "", "value_image": "", "entity_content_type": null, "entity_object_id": null, "value_multi_option": []}}, {"model": "catalogue.productattributevalue", "pk": 8, "fields": {"attribute": 2, "product": 10, "value_text": "E Book", "value_integer": null, "value_boolean": null, "value_float": null, "value_richtext": null, "value_date": null, "value_datetime": null, "value_option": null, "value_file": "", "value_image": "", "entity_content_type": null, "entity_object_id": null, "value_multi_option": []}}, {"model": "catalogue.productattributevalue", "pk": 9, "fields": {"attribute": 3, "product": 11, "value_text": "Sony", "value_integer": null, "value_boolean": null, "value_float": null, "value_richtext": null, "value_date": null, "value_datetime": null, "value_option": null, "value_file": "", "value_image": "", "entity_content_type": null, "entity_object_id": null, "value_multi_option": []}}, {"model": "catalogue.productattributevalue", "pk": 10, "fields": {"attribute": 3, "product": 12, "value_text": "Samsung", "value_integer": null, "value_boolean": null, "value_float": null, "value_richtext": null, "value_date": null, "value_datetime": null, "value_option": null, "value_file": "", "value_image": "", "entity_content_type": null, "entity_object_id": null, "value_multi_option": []}}, {"model": "catalogue.option", "pk": 3, "fields": {"name": "Brand", "code": "brand", "type": "text", "required": false}}, {"model": "catalogue.productimage", "pk": 2, "fields": {"product": 7, "original": "images/products/2022/02/rich_dad_poor_dad.jpeg", "caption": "", "display_order": 0, "date_created": "2022-02-11T08:34:22.378Z"}}, {"model": "catalogue.productimage", "pk": 3, "fields": {"product": 8, "original": "images/products/2022/02/atomic_habits.jpeg", "caption": "", "display_order": 0, "date_created": "2022-02-11T08:34:40.146Z"}}, {"model": "catalogue.productimage", "pk": 4, "fields": {"product": 10, "original": "images/products/2022/02/psychology_of_money.jpeg", "caption": "", "display_order": 0, "date_created": "2022-02-11T08:55:22.819Z"}}, {"model": "catalogue.productimage", "pk": 5, "fields": {"product": 11, "original": "images/products/2022/02/headphones.jpg", "caption": "", "display_order": 0, "date_created": "2022-02-14T12:25:11.282Z"}}, {"model": "catalogue.productimage", "pk": 6, "fields": {"product": 12, "original": "images/products/2022/02/samsung.png", "caption": "", "display_order": 0, "date_created": "2022-02-14T13:18:22.178Z"}}, {"model": "customer.productalert", "pk": 2, "fields": {"product": 12, "user": 1, "email": "", "key": "", "status": "Cancelled", "date_created": "2022-02-14T13:18:35.701Z", "date_confirmed": null, "date_cancelled": "2022-02-18T08:19:12.985Z", "date_closed": null}}, {"model": "customer.productalert", "pk": 3, "fields": {"product": 12, "user": 1, "email": "", "key": "", "status": "Active", "date_created": "2022-02-21T06:39:22.696Z", "date_confirmed": null, "date_cancelled": null, "date_closed": null}}, {"model": "wishlists.wishlist", "pk": 1, "fields": {"owner": 1, "name": "Books", "key": "f280pc", "visibility": "Shared", "date_created": "2022-02-07T06:48:43.806Z", "shared_with_users": []}}, {"model": "wishlists.line", "pk": 3, "fields": {"wishlist": 1, "product": 7, "quantity": 4, "title": "The Rich Dad and Poor Dad"}}, {"model": "wishlists.line", "pk": 4, "fields": {"wishlist": 1, "product": 10, "quantity": 60, "title": "The Psychology of Money"}}, {"model": "wishlists.line", "pk": 5, "fields": {"wishlist": 1, "product": 12, "quantity": 1, "title": "Samsung Galaxy M32 5G (Sky Blue, 6GB RAM, 128GB Storage)"}}, {"model": "analytics.productrecord", "pk": 3, "fields": {"product": 7, "num_views": 17, "num_basket_additions": 6, "num_purchases": 0, "score": 0.0}}, {"model": "analytics.productrecord", "pk": 4, "fields": {"product": 8, "num_views": 17, "num_basket_additions": 0, "num_purchases": 0, "score": 0.0}}, {"model": "analytics.productrecord", "pk": 5, "fields": {"product": 10, "num_views": 8, "num_basket_additions": 4, "num_purchases": 0, "score": 0.0}}, {"model": "analytics.productrecord", "pk": 6, "fields": {"product": 11, "num_views": 2, "num_basket_additions": 2, "num_purchases": 4, "score": 0.0}}, {"model": "analytics.productrecord", "pk": 7, "fields": {"product": 12, "num_views": 8, "num_basket_additions": 0, "num_purchases": 0, "score": 0.0}}, {"model": "analytics.userrecord", "pk": 1, "fields": {"user": 1, "num_product_views": 54, "num_basket_additions": 14, "num_orders": 7, "num_order_lines": 7, "num_order_items": 12, "total_spent": "4186.00", "date_last_order": "2022-02-15T04:59:37.514Z"}}, {"model": "analytics.userproductview", "pk": 7, "fields": {"user": 1, "product": 7, "date_created": "2022-02-10T11:52:10.988Z"}}, {"model": "analytics.userproductview", "pk": 8, "fields": {"user": 1, "product": 7, "date_created": "2022-02-10T12:08:37.758Z"}}, {"model": "analytics.userproductview", "pk": 9, "fields": {"user": 1, "product": 8, "date_created": "2022-02-10T12:25:45.368Z"}}, {"model": "analytics.userproductview", "pk": 10, "fields": {"user": 1, "product": 8, "date_created": "2022-02-10T12:25:58.928Z"}}, {"model": "analytics.userproductview", "pk": 11, "fields": {"user": 1, "product": 7, "date_created": "2022-02-11T06:27:10.374Z"}}, {"model": "analytics.userproductview", "pk": 12, "fields": {"user": 1, "product": 7, "date_created": "2022-02-11T06:28:09.226Z"}}, {"model": "analytics.userproductview", "pk": 13, "fields": {"user": 1, "product": 7, "date_created": "2022-02-11T07:16:08.282Z"}}, {"model": "analytics.userproductview", "pk": 14, "fields": {"user": 1, "product": 7, "date_created": "2022-02-11T07:17:24.716Z"}}, {"model": "analytics.userproductview", "pk": 15, "fields": {"user": 1, "product": 10, "date_created": "2022-02-11T08:56:07.113Z"}}, {"model": "analytics.userproductview", "pk": 16, "fields": {"user": 1, "product": 8, "date_created": "2022-02-11T12:07:59.698Z"}}, {"model": "analytics.userproductview", "pk": 17, "fields": {"user": 1, "product": 8, "date_created": "2022-02-11T12:08:26.894Z"}}, {"model": "analytics.userproductview", "pk": 18, "fields": {"user": 1, "product": 10, "date_created": "2022-02-14T12:32:37.451Z"}}, {"model": "analytics.userproductview", "pk": 19, "fields": {"user": 1, "product": 11, "date_created": "2022-02-14T12:33:01.128Z"}}, {"model": "analytics.userproductview", "pk": 20, "fields": {"user": 1, "product": 12, "date_created": "2022-02-14T13:18:29.566Z"}}, {"model": "analytics.userproductview", "pk": 21, "fields": {"user": 1, "product": 12, "date_created": "2022-02-14T13:18:35.720Z"}}, {"model": "analytics.userproductview", "pk": 22, "fields": {"user": 1, "product": 10, "date_created": "2022-02-15T04:40:40.182Z"}}, {"model": "analytics.userproductview", "pk": 23, "fields": {"user": 1, "product": 10, "date_created": "2022-02-15T04:40:43.843Z"}}, {"model": "analytics.userproductview", "pk": 24, "fields": {"user": 1, "product": 8, "date_created": "2022-02-15T04:44:05.435Z"}}, {"model": "analytics.userproductview", "pk": 25, "fields": {"user": 1, "product": 7, "date_created": "2022-02-15T04:44:06.915Z"}}, {"model": "analytics.userproductview", "pk": 26, "fields": {"user": 1, "product": 8, "date_created": "2022-02-15T04:44:09.892Z"}}, {"model": "analytics.userproductview", "pk": 27, "fields": {"user": 1, "product": 7, "date_created": "2022-02-15T04:44:12.897Z"}}, {"model": "analytics.userproductview", "pk": 28, "fields": {"user": 1, "product": 8, "date_created": "2022-02-15T04:44:38.405Z"}}, {"model": "analytics.userproductview", "pk": 29, "fields": {"user": 1, "product": 8, "date_created": "2022-02-15T04:44:52.259Z"}}, {"model": "analytics.userproductview", "pk": 30, "fields": {"user": 1, "product": 8, "date_created": "2022-02-15T04:45:06.785Z"}}, {"model": "analytics.userproductview", "pk": 31, "fields": {"user": 1, "product": 7, "date_created": "2022-02-15T04:47:13.180Z"}}, {"model": "analytics.userproductview", "pk": 32, "fields": {"user": 1, "product": 7, "date_created": "2022-02-15T04:59:01.046Z"}}, {"model": "analytics.userproductview", "pk": 33, "fields": {"user": 1, "product": 12, "date_created": "2022-02-15T04:59:10.982Z"}}, {"model": "analytics.userproductview", "pk": 34, "fields": {"user": 1, "product": 7, "date_created": "2022-02-15T05:09:52.490Z"}}, {"model": "analytics.userproductview", "pk": 35, "fields": {"user": 1, "product": 8, "date_created": "2022-02-15T11:51:58.394Z"}}, {"model": "analytics.userproductview", "pk": 36, "fields": {"user": 1, "product": 7, "date_created": "2022-02-15T11:55:46.570Z"}}, {"model": "analytics.userproductview", "pk": 37, "fields": {"user": 1, "product": 7, "date_created": "2022-02-15T12:01:22.801Z"}}, {"model": "analytics.userproductview", "pk": 38, "fields": {"user": 1, "product": 8, "date_created": "2022-02-15T12:14:26.109Z"}}, {"model": "analytics.userproductview", "pk": 39, "fields": {"user": 1, "product": 8, "date_created": "2022-02-15T12:31:02.177Z"}}, {"model": "analytics.userproductview", "pk": 40, "fields": {"user": 1, "product": 8, "date_created": "2022-02-15T12:40:35.359Z"}}, {"model": "analytics.userproductview", "pk": 41, "fields": {"user": 1, "product": 8, "date_created": "2022-02-15T12:40:48.200Z"}}, {"model": "analytics.userproductview", "pk": 42, "fields": {"user": 1, "product": 8, "date_created": "2022-02-16T04:40:25.811Z"}}, {"model": "analytics.userproductview", "pk": 43, "fields": {"user": 1, "product": 8, "date_created": "2022-02-16T04:40:57.458Z"}}, {"model": "analytics.userproductview", "pk": 44, "fields": {"user": 1, "product": 10, "date_created": "2022-02-16T05:29:18.851Z"}}, {"model": "analytics.userproductview", "pk": 45, "fields": {"user": 1, "product": 10, "date_created": "2022-02-16T05:29:28.265Z"}}, {"model": "analytics.userproductview", "pk": 46, "fields": {"user": 1, "product": 7, "date_created": "2022-02-16T05:31:02.529Z"}}, {"model": "analytics.userproductview", "pk": 47, "fields": {"user": 1, "product": 7, "date_created": "2022-02-16T05:46:22.080Z"}}, {"model": "analytics.userproductview", "pk": 48, "fields": {"user": 1, "product": 7, "date_created": "2022-02-16T05:49:31.520Z"}}, {"model": "analytics.userproductview", "pk": 49, "fields": {"user": 1, "product": 7, "date_created": "2022-02-16T06:48:08.081Z"}}, {"model": "analytics.userproductview", "pk": 50, "fields": {"user": 1, "product": 12, "date_created": "2022-02-16T07:10:29.361Z"}}, {"model": "analytics.userproductview", "pk": 51, "fields": {"user": 1, "product": 12, "date_created": "2022-02-16T07:10:31.936Z"}}, {"model": "analytics.userproductview", "pk": 52, "fields": {"user": 1, "product": 12, "date_created": "2022-02-18T08:19:21.811Z"}}, {"model": "analytics.userproductview", "pk": 53, "fields": {"user": 1, "product": 10, "date_created": "2022-02-21T03:40:44.905Z"}}, {"model": "analytics.userproductview", "pk": 54, "fields": {"user": 1, "product": 12, "date_created": "2022-02-21T06:39:22.716Z"}}, {"model": "analytics.usersearch", "pk": 1, "fields": {"user": 1, "query": "rich", "date_created": "2022-02-10T12:29:58.299Z"}}, {"model": "analytics.usersearch", "pk": 2, "fields": {"user": 1, "query": "rich", "date_created": "2022-02-10T12:30:08.147Z"}}, {"model": "analytics.usersearch", "pk": 3, "fields": {"user": 1, "query": "James", "date_created": "2022-02-10T12:30:38.407Z"}}, {"model": "analytics.usersearch", "pk": 4, "fields": {"user": 1, "query": "Non", "date_created": "2022-02-10T12:31:03.152Z"}}, {"model": "analytics.usersearch", "pk": 5, "fields": {"user": 1, "query": "Fiction", "date_created": "2022-02-10T12:31:08.193Z"}}, {"model": "analytics.usersearch", "pk": 6, "fields": {"user": 1, "query": "Rich", "date_created": "2022-02-11T05:15:54.978Z"}}, {"model": "analytics.usersearch", "pk": 7, "fields": {"user": 1, "query": "", "date_created": "2022-02-11T05:16:01.011Z"}}, {"model": "analytics.usersearch", "pk": 8, "fields": {"user": 1, "query": "", "date_created": "2022-02-11T05:16:04.467Z"}}, {"model": "analytics.usersearch", "pk": 9, "fields": {"user": 1, "query": "india", "date_created": "2022-02-11T05:20:11.407Z"}}, {"model": "analytics.usersearch", "pk": 10, "fields": {"user": 1, "query": "rich", "date_created": "2022-02-11T05:20:16.868Z"}}, {"model": "analytics.usersearch", "pk": 11, "fields": {"user": 1, "query": "rich", "date_created": "2022-02-11T05:27:54.195Z"}}, {"model": "analytics.usersearch", "pk": 12, "fields": {"user": 1, "query": "", "date_created": "2022-02-11T05:28:44.660Z"}}, {"model": "analytics.usersearch", "pk": 13, "fields": {"user": 1, "query": "james", "date_created": "2022-02-11T06:16:51.960Z"}}, {"model": "analytics.usersearch", "pk": 14, "fields": {"user": 1, "query": "rich", "date_created": "2022-02-11T06:17:02.656Z"}}, {"model": "analytics.usersearch", "pk": 15, "fields": {"user": 1, "query": "rich", "date_created": "2022-02-11T06:23:25.695Z"}}, {"model": "analytics.usersearch", "pk": 16, "fields": {"user": 1, "query": "rich", "date_created": "2022-02-11T06:23:28.144Z"}}, {"model": "analytics.usersearch", "pk": 17, "fields": {"user": 1, "query": "rich", "date_created": "2022-02-11T06:23:34.567Z"}}, {"model": "analytics.usersearch", "pk": 18, "fields": {"user": 1, "query": "rich", "date_created": "2022-02-11T06:23:43.450Z"}}, {"model": "analytics.usersearch", "pk": 19, "fields": {"user": 1, "query": "", "date_created": "2022-02-11T06:23:53.972Z"}}, {"model": "analytics.usersearch", "pk": 20, "fields": {"user": 1, "query": "robert", "date_created": "2022-02-14T10:17:33.058Z"}}, {"model": "analytics.usersearch", "pk": 21, "fields": {"user": 1, "query": "sony", "date_created": "2022-02-14T12:37:08.941Z"}}, {"model": "analytics.usersearch", "pk": 22, "fields": {"user": 1, "query": "sony", "date_created": "2022-02-14T12:37:36.868Z"}}, {"model": "analytics.usersearch", "pk": 23, "fields": {"user": 1, "query": "robert", "date_created": "2022-02-14T12:37:43.694Z"}}, {"model": "analytics.usersearch", "pk": 24, "fields": {"user": 1, "query": "james", "date_created": "2022-02-14T12:37:54.722Z"}}, {"model": "analytics.usersearch", "pk": 25, "fields": {"user": 1, "query": "money", "date_created": "2022-02-14T12:38:06.387Z"}}, {"model": "analytics.usersearch", "pk": 26, "fields": {"user": 1, "query": "rich", "date_created": "2022-02-14T12:38:14.855Z"}}, {"model": "analytics.usersearch", "pk": 27, "fields": {"user": 1, "query": "habots", "date_created": "2022-02-14T13:15:51.257Z"}}, {"model": "analytics.usersearch", "pk": 28, "fields": {"user": 1, "query": "habit", "date_created": "2022-02-14T13:15:53.970Z"}}, {"model": "analytics.usersearch", "pk": 29, "fields": {"user": 1, "query": "habit", "date_created": "2022-02-14T13:16:00.891Z"}}, {"model": "analytics.usersearch", "pk": 30, "fields": {"user": 1, "query": "habit", "date_created": "2022-02-14T13:16:03.899Z"}}, {"model": "analytics.usersearch", "pk": 31, "fields": {"user": 1, "query": "habit", "date_created": "2022-02-14T13:16:06.650Z"}}, {"model": "address.useraddress", "pk": 1, "fields": {"title": "Ms", "first_name": "Komal", "last_name": "Rajput", "line1": "Ground Floor, Jay Ambe Apartment", "line2": "Nr. Gurudwara", "line3": "Maninagar", "line4": "Ahmedabad", "state": "Gujarat", "postcode": "380008", "country": "IN", "search_text": "Komal Rajput Ground Floor, Jay Ambe Apartment Nr. Gurudwara Maninagar Ahmedabad Gujarat 380008 Republic of India", "phone_number": "", "notes": "", "user": 1, "is_default_for_shipping": true, "is_default_for_billing": true, "num_orders_as_shipping_address": 11, "num_orders_as_billing_address": 0, "hash": "2208478250", "date_created": "2022-02-07T06:24:40.636Z"}}, {"model": "address.country", "pk": "AD", "fields": {"iso_3166_1_a3": "AND", "iso_3166_1_numeric": "020", "printable_name": "Andorra", "name": "Principality of Andorra", "display_order": 0, "is_shipping_country": false}}, {"model": "address.country", "pk": "AE", "fields": {"iso_3166_1_a3": "ARE", "iso_3166_1_numeric": "784", "printable_name": "United Arab Emirates", "name": "", "display_order": 0, "is_shipping_country": false}}, {"model": "address.country", "pk": "AF", "fields": {"iso_3166_1_a3": "AFG", "iso_3166_1_numeric": "004", "printable_name": "Afghanistan", "name": "Islamic Republic of Afghanistan", "display_order": 0, "is_shipping_country": false}}, {"model": "address.country", "pk": "AG", "fields": {"iso_3166_1_a3": "ATG", "iso_3166_1_numeric": "028", "printable_name": "Antigua and Barbuda", "name": "", "display_order": 0, "is_shipping_country": false}}, {"model": "address.country", "pk": "AI", "fields": {"iso_3166_1_a3": "AIA", "iso_3166_1_numeric": "660", "printable_name": "Anguilla", "name": "", "display_order": 0, "is_shipping_country": false}}, {"model": "address.country", "pk": "AL", "fields": {"iso_3166_1_a3": "ALB", "iso_3166_1_numeric": "008", "printable_name": "Albania", "name": "Republic of Albania", "display_order": 0, "is_shipping_country": false}}, {"model": "address.country", "pk": "AM", "fields": {"iso_3166_1_a3": "ARM", "iso_3166_1_numeric": "051", "printable_name": "Armenia", "name": "Republic of Armenia", "display_order": 0, "is_shipping_country": false}}, {"model": "address.country", "pk": "AO", "fields": {"iso_3166_1_a3": "AGO", "iso_3166_1_numeric": "024", "printable_name": "Angola", "name": "Republic of Angola", "display_order": 0, "is_shipping_country": false}}, {"model": "address.country", "pk": "AQ", "fields": {"iso_3166_1_a3": "ATA", "iso_3166_1_numeric": "010", "printable_name": "Antarctica", "name": "", "display_order": 0, "is_shipping_country": false}}, {"model": "address.country", "pk": "AR", "fields": {"iso_3166_1_a3": "ARG", "iso_3166_1_numeric": "032", "printable_name": "Argentina", "name": "Argentine Republic", "display_order": 0, "is_shipping_country": false}}, {"model": "address.country", "pk": "AS", "fields": {"iso_3166_1_a3": "ASM", "iso_3166_1_numeric": "016", "printable_name": "American Samoa", "name": "", "display_order": 0, "is_shipping_country": false}}, {"model": "address.country", "pk": "AT", "fields": {"iso_3166_1_a3": "AUT", "iso_3166_1_numeric": "040", "printable_name": "Austria", "name": "Republic of Austria", "display_order": 0, "is_shipping_country": false}}, {"model": "address.country", "pk": "AU", "fields": {"iso_3166_1_a3": "AUS", "iso_3166_1_numeric": "036", "printable_name": "Australia", "name": "", "display_order": 0, "is_shipping_country": false}}, {"model": "address.country", "pk": "AW", "fields": {"iso_3166_1_a3": "ABW", "iso_3166_1_numeric": "533", "printable_name": "Aruba", "name": "", "display_order": 0, "is_shipping_country": false}}, {"model": "address.country", "pk": "AX", "fields": {"iso_3166_1_a3": "ALA", "iso_3166_1_numeric": "248", "printable_name": "Åland Islands", "name": "", "display_order": 0, "is_shipping_country": false}}, {"model": "address.country", "pk": "AZ", "fields": {"iso_3166_1_a3": "AZE", "iso_3166_1_numeric": "031", "printable_name": "Azerbaijan", "name": "Republic of Azerbaijan", "display_order": 0, "is_shipping_country": false}}, {"model": "address.country", "pk": "BA", "fields": {"iso_3166_1_a3": "BIH", "iso_3166_1_numeric": "070", "printable_name": "Bosnia and Herzegovina", "name": "Republic of Bosnia and Herzegovina", "display_order": 0, "is_shipping_country": false}}, {"model": "address.country", "pk": "BB", "fields": {"iso_3166_1_a3": "BRB", "iso_3166_1_numeric": "052", "printable_name": "Barbados", "name": "", "display_order": 0, "is_shipping_country": false}}, {"model": "address.country", "pk": "BD", "fields": {"iso_3166_1_a3": "BGD", "iso_3166_1_numeric": "050", "printable_name": "Bangladesh", "name": "People's Republic of Bangladesh", "display_order": 0, "is_shipping_country": false}}, {"model": "address.country", "pk": "BE", "fields": {"iso_3166_1_a3": "BEL", "iso_3166_1_numeric": "056", "printable_name": "Belgium", "name": "Kingdom of Belgium", "display_order": 0, "is_shipping_country": false}}, {"model": "address.country", "pk": "BF", "fields": {"iso_3166_1_a3": "BFA", "iso_3166_1_numeric": "854", "printable_name": "Burkina Faso", "name": "", "display_order": 0, "is_shipping_country": false}}, {"model": "address.country", "pk": "BG", "fields": {"iso_3166_1_a3": "BGR", "iso_3166_1_numeric": "100", "printable_name": "Bulgaria", "name": "Republic of Bulgaria", "display_order": 0, "is_shipping_country": false}}, {"model": "address.country", "pk": "BH", "fields": {"iso_3166_1_a3": "BHR", "iso_3166_1_numeric": "048", "printable_name": "Bahrain", "name": "Kingdom of Bahrain", "display_order": 0, "is_shipping_country": false}}, {"model": "address.country", "pk": "BI", "fields": {"iso_3166_1_a3": "BDI", "iso_3166_1_numeric": "108", "printable_name": "Burundi", "name": "Republic of Burundi", "display_order": 0, "is_shipping_country": false}}, {"model": "address.country", "pk": "BJ", "fields": {"iso_3166_1_a3": "BEN", "iso_3166_1_numeric": "204", "printable_name": "Benin", "name": "Republic of Benin", "display_order": 0, "is_shipping_country": false}}, {"model": "address.country", "pk": "BL", "fields": {"iso_3166_1_a3": "BLM", "iso_3166_1_numeric": "652", "printable_name": "Saint Barthélemy", "name": "", "display_order": 0, "is_shipping_country": false}}, {"model": "address.country", "pk": "BM", "fields": {"iso_3166_1_a3": "BMU", "iso_3166_1_numeric": "060", "printable_name": "Bermuda", "name": "", "display_order": 0, "is_shipping_country": false}}, {"model": "address.country", "pk": "BN", "fields": {"iso_3166_1_a3": "BRN", "iso_3166_1_numeric": "096", "printable_name": "Brunei Darussalam", "name": "", "display_order": 0, "is_shipping_country": false}}, {"model": "address.country", "pk": "BO", "fields": {"iso_3166_1_a3": "BOL", "iso_3166_1_numeric": "068", "printable_name": "Bolivia, Plurinational State of", "name": "Plurinational State of Bolivia", "display_order": 0, "is_shipping_country": false}}, {"model": "address.country", "pk": "BQ", "fields": {"iso_3166_1_a3": "BES", "iso_3166_1_numeric": "535", "printable_name": "Bonaire, Sint Eustatius and Saba", "name": "Bonaire, Sint Eustatius and Saba", "display_order": 0, "is_shipping_country": false}}, {"model": "address.country", "pk": "BR", "fields": {"iso_3166_1_a3": "BRA", "iso_3166_1_numeric": "076", "printable_name": "Brazil", "name": "Federative Republic of Brazil", "display_order": 0, "is_shipping_country": false}}, {"model": "address.country", "pk": "BS", "fields": {"iso_3166_1_a3": "BHS", "iso_3166_1_numeric": "044", "printable_name": "Bahamas", "name": "Commonwealth of the Bahamas", "display_order": 0, "is_shipping_country": false}}, {"model": "address.country", "pk": "BT", "fields": {"iso_3166_1_a3": "BTN", "iso_3166_1_numeric": "064", "printable_name": "Bhutan", "name": "Kingdom of Bhutan", "display_order": 0, "is_shipping_country": false}}, {"model": "address.country", "pk": "BV", "fields": {"iso_3166_1_a3": "BVT", "iso_3166_1_numeric": "074", "printable_name": "Bouvet Island", "name": "", "display_order": 0, "is_shipping_country": false}}, {"model": "address.country", "pk": "BW", "fields": {"iso_3166_1_a3": "BWA", "iso_3166_1_numeric": "072", "printable_name": "Botswana", "name": "Republic of Botswana", "display_order": 0, "is_shipping_country": false}}, {"model": "address.country", "pk": "BY", "fields": {"iso_3166_1_a3": "BLR", "iso_3166_1_numeric": "112", "printable_name": "Belarus", "name": "Republic of Belarus", "display_order": 0, "is_shipping_country": false}}, {"model": "address.country", "pk": "BZ", "fields": {"iso_3166_1_a3": "BLZ", "iso_3166_1_numeric": "084", "printable_name": "Belize", "name": "", "display_order": 0, "is_shipping_country": false}}, {"model": "address.country", "pk": "CA", "fields": {"iso_3166_1_a3": "CAN", "iso_3166_1_numeric": "124", "printable_name": "Canada", "name": "", "display_order": 0, "is_shipping_country": false}}, {"model": "address.country", "pk": "CC", "fields": {"iso_3166_1_a3": "CCK", "iso_3166_1_numeric": "166", "printable_name": "Cocos (Keeling) Islands", "name": "", "display_order": 0, "is_shipping_country": false}}, {"model": "address.country", "pk": "CD", "fields": {"iso_3166_1_a3": "COD", "iso_3166_1_numeric": "180", "printable_name": "Congo, The Democratic Republic of the", "name": "", "display_order": 0, "is_shipping_country": false}}, {"model": "address.country", "pk": "CF", "fields": {"iso_3166_1_a3": "CAF", "iso_3166_1_numeric": "140", "printable_name": "Central African Republic", "name": "", "display_order": 0, "is_shipping_country": false}}, {"model": "address.country", "pk": "CG", "fields": {"iso_3166_1_a3": "COG", "iso_3166_1_numeric": "178", "printable_name": "Congo", "name": "Republic of the Congo", "display_order": 0, "is_shipping_country": false}}, {"model": "address.country", "pk": "CH", "fields": {"iso_3166_1_a3": "CHE", "iso_3166_1_numeric": "756", "printable_name": "Switzerland", "name": "Swiss Confederation", "display_order": 0, "is_shipping_country": false}}, {"model": "address.country", "pk": "CI", "fields": {"iso_3166_1_a3": "CIV", "iso_3166_1_numeric": "384", "printable_name": "Côte d'Ivoire", "name": "Republic of Côte d'Ivoire", "display_order": 0, "is_shipping_country": false}}, {"model": "address.country", "pk": "CK", "fields": {"iso_3166_1_a3": "COK", "iso_3166_1_numeric": "184", "printable_name": "Cook Islands", "name": "", "display_order": 0, "is_shipping_country": false}}, {"model": "address.country", "pk": "CL", "fields": {"iso_3166_1_a3": "CHL", "iso_3166_1_numeric": "152", "printable_name": "Chile", "name": "Republic of Chile", "display_order": 0, "is_shipping_country": false}}, {"model": "address.country", "pk": "CM", "fields": {"iso_3166_1_a3": "CMR", "iso_3166_1_numeric": "120", "printable_name": "Cameroon", "name": "Republic of Cameroon", "display_order": 0, "is_shipping_country": false}}, {"model": "address.country", "pk": "CN", "fields": {"iso_3166_1_a3": "CHN", "iso_3166_1_numeric": "156", "printable_name": "China", "name": "People's Republic of China", "display_order": 0, "is_shipping_country": false}}, {"model": "address.country", "pk": "CO", "fields": {"iso_3166_1_a3": "COL", "iso_3166_1_numeric": "170", "printable_name": "Colombia", "name": "Republic of Colombia", "display_order": 0, "is_shipping_country": false}}, {"model": "address.country", "pk": "CR", "fields": {"iso_3166_1_a3": "CRI", "iso_3166_1_numeric": "188", "printable_name": "Costa Rica", "name": "Republic of Costa Rica", "display_order": 0, "is_shipping_country": false}}, {"model": "address.country", "pk": "CU", "fields": {"iso_3166_1_a3": "CUB", "iso_3166_1_numeric": "192", "printable_name": "Cuba", "name": "Republic of Cuba", "display_order": 0, "is_shipping_country": false}}, {"model": "address.country", "pk": "CV", "fields": {"iso_3166_1_a3": "CPV", "iso_3166_1_numeric": "132", "printable_name": "Cabo Verde", "name": "Republic of Cabo Verde", "display_order": 0, "is_shipping_country": false}}, {"model": "address.country", "pk": "CW", "fields": {"iso_3166_1_a3": "CUW", "iso_3166_1_numeric": "531", "printable_name": "Curaçao", "name": "Curaçao", "display_order": 0, "is_shipping_country": false}}, {"model": "address.country", "pk": "CX", "fields": {"iso_3166_1_a3": "CXR", "iso_3166_1_numeric": "162", "printable_name": "Christmas Island", "name": "", "display_order": 0, "is_shipping_country": false}}, {"model": "address.country", "pk": "CY", "fields": {"iso_3166_1_a3": "CYP", "iso_3166_1_numeric": "196", "printable_name": "Cyprus", "name": "Republic of Cyprus", "display_order": 0, "is_shipping_country": false}}, {"model": "address.country", "pk": "CZ", "fields": {"iso_3166_1_a3": "CZE", "iso_3166_1_numeric": "203", "printable_name": "Czechia", "name": "Czech Republic", "display_order": 0, "is_shipping_country": false}}, {"model": "address.country", "pk": "DE", "fields": {"iso_3166_1_a3": "DEU", "iso_3166_1_numeric": "276", "printable_name": "Germany", "name": "Federal Republic of Germany", "display_order": 0, "is_shipping_country": false}}, {"model": "address.country", "pk": "DJ", "fields": {"iso_3166_1_a3": "DJI", "iso_3166_1_numeric": "262", "printable_name": "Djibouti", "name": "Republic of Djibouti", "display_order": 0, "is_shipping_country": false}}, {"model": "address.country", "pk": "DK", "fields": {"iso_3166_1_a3": "DNK", "iso_3166_1_numeric": "208", "printable_name": "Denmark", "name": "Kingdom of Denmark", "display_order": 0, "is_shipping_country": false}}, {"model": "address.country", "pk": "DM", "fields": {"iso_3166_1_a3": "DMA", "iso_3166_1_numeric": "212", "printable_name": "Dominica", "name": "Commonwealth of Dominica", "display_order": 0, "is_shipping_country": false}}, {"model": "address.country", "pk": "DO", "fields": {"iso_3166_1_a3": "DOM", "iso_3166_1_numeric": "214", "printable_name": "Dominican Republic", "name": "", "display_order": 0, "is_shipping_country": false}}, {"model": "address.country", "pk": "DZ", "fields": {"iso_3166_1_a3": "DZA", "iso_3166_1_numeric": "012", "printable_name": "Algeria", "name": "People's Democratic Republic of Algeria", "display_order": 0, "is_shipping_country": false}}, {"model": "address.country", "pk": "EC", "fields": {"iso_3166_1_a3": "ECU", "iso_3166_1_numeric": "218", "printable_name": "Ecuador", "name": "Republic of Ecuador", "display_order": 0, "is_shipping_country": false}}, {"model": "address.country", "pk": "EE", "fields": {"iso_3166_1_a3": "EST", "iso_3166_1_numeric": "233", "printable_name": "Estonia", "name": "Republic of Estonia", "display_order": 0, "is_shipping_country": false}}, {"model": "address.country", "pk": "EG", "fields": {"iso_3166_1_a3": "EGY", "iso_3166_1_numeric": "818", "printable_name": "Egypt", "name": "Arab Republic of Egypt", "display_order": 0, "is_shipping_country": false}}, {"model": "address.country", "pk": "EH", "fields": {"iso_3166_1_a3": "ESH", "iso_3166_1_numeric": "732", "printable_name": "Western Sahara", "name": "", "display_order": 0, "is_shipping_country": false}}, {"model": "address.country", "pk": "ER", "fields": {"iso_3166_1_a3": "ERI", "iso_3166_1_numeric": "232", "printable_name": "Eritrea", "name": "the State of Eritrea", "display_order": 0, "is_shipping_country": false}}, {"model": "address.country", "pk": "ES", "fields": {"iso_3166_1_a3": "ESP", "iso_3166_1_numeric": "724", "printable_name": "Spain", "name": "Kingdom of Spain", "display_order": 0, "is_shipping_country": false}}, {"model": "address.country", "pk": "ET", "fields": {"iso_3166_1_a3": "ETH", "iso_3166_1_numeric": "231", "printable_name": "Ethiopia", "name": "Federal Democratic Republic of Ethiopia", "display_order": 0, "is_shipping_country": false}}, {"model": "address.country", "pk": "FI", "fields": {"iso_3166_1_a3": "FIN", "iso_3166_1_numeric": "246", "printable_name": "Finland", "name": "Republic of Finland", "display_order": 0, "is_shipping_country": false}}, {"model": "address.country", "pk": "FJ", "fields": {"iso_3166_1_a3": "FJI", "iso_3166_1_numeric": "242", "printable_name": "Fiji", "name": "Republic of Fiji", "display_order": 0, "is_shipping_country": false}}, {"model": "address.country", "pk": "FK", "fields": {"iso_3166_1_a3": "FLK", "iso_3166_1_numeric": "238", "printable_name": "Falkland Islands (Malvinas)", "name": "", "display_order": 0, "is_shipping_country": false}}, {"model": "address.country", "pk": "FM", "fields": {"iso_3166_1_a3": "FSM", "iso_3166_1_numeric": "583", "printable_name": "Micronesia, Federated States of", "name": "Federated States of Micronesia", "display_order": 0, "is_shipping_country": false}}, {"model": "address.country", "pk": "FO", "fields": {"iso_3166_1_a3": "FRO", "iso_3166_1_numeric": "234", "printable_name": "Faroe Islands", "name": "", "display_order": 0, "is_shipping_country": false}}, {"model": "address.country", "pk": "FR", "fields": {"iso_3166_1_a3": "FRA", "iso_3166_1_numeric": "250", "printable_name": "France", "name": "French Republic", "display_order": 0, "is_shipping_country": false}}, {"model": "address.country", "pk": "GA", "fields": {"iso_3166_1_a3": "GAB", "iso_3166_1_numeric": "266", "printable_name": "Gabon", "name": "Gabonese Republic", "display_order": 0, "is_shipping_country": false}}, {"model": "address.country", "pk": "GB", "fields": {"iso_3166_1_a3": "GBR", "iso_3166_1_numeric": "826", "printable_name": "United Kingdom", "name": "United Kingdom of Great Britain and Northern Ireland", "display_order": 0, "is_shipping_country": false}}, {"model": "address.country", "pk": "GD", "fields": {"iso_3166_1_a3": "GRD", "iso_3166_1_numeric": "308", "printable_name": "Grenada", "name": "", "display_order": 0, "is_shipping_country": false}}, {"model": "address.country", "pk": "GE", "fields": {"iso_3166_1_a3": "GEO", "iso_3166_1_numeric": "268", "printable_name": "Georgia", "name": "", "display_order": 0, "is_shipping_country": false}}, {"model": "address.country", "pk": "GF", "fields": {"iso_3166_1_a3": "GUF", "iso_3166_1_numeric": "254", "printable_name": "French Guiana", "name": "", "display_order": 0, "is_shipping_country": false}}, {"model": "address.country", "pk": "GG", "fields": {"iso_3166_1_a3": "GGY", "iso_3166_1_numeric": "831", "printable_name": "Guernsey", "name": "", "display_order": 0, "is_shipping_country": false}}, {"model": "address.country", "pk": "GH", "fields": {"iso_3166_1_a3": "GHA", "iso_3166_1_numeric": "288", "printable_name": "Ghana", "name": "Republic of Ghana", "display_order": 0, "is_shipping_country": false}}, {"model": "address.country", "pk": "GI", "fields": {"iso_3166_1_a3": "GIB", "iso_3166_1_numeric": "292", "printable_name": "Gibraltar", "name": "", "display_order": 0, "is_shipping_country": false}}, {"model": "address.country", "pk": "GL", "fields": {"iso_3166_1_a3": "GRL", "iso_3166_1_numeric": "304", "printable_name": "Greenland", "name": "", "display_order": 0, "is_shipping_country": false}}, {"model": "address.country", "pk": "GM", "fields": {"iso_3166_1_a3": "GMB", "iso_3166_1_numeric": "270", "printable_name": "Gambia", "name": "Republic of the Gambia", "display_order": 0, "is_shipping_country": false}}, {"model": "address.country", "pk": "GN", "fields": {"iso_3166_1_a3": "GIN", "iso_3166_1_numeric": "324", "printable_name": "Guinea", "name": "Republic of Guinea", "display_order": 0, "is_shipping_country": false}}, {"model": "address.country", "pk": "GP", "fields": {"iso_3166_1_a3": "GLP", "iso_3166_1_numeric": "312", "printable_name": "Guadeloupe", "name": "", "display_order": 0, "is_shipping_country": false}}, {"model": "address.country", "pk": "GQ", "fields": {"iso_3166_1_a3": "GNQ", "iso_3166_1_numeric": "226", "printable_name": "Equatorial Guinea", "name": "Republic of Equatorial Guinea", "display_order": 0, "is_shipping_country": false}}, {"model": "address.country", "pk": "GR", "fields": {"iso_3166_1_a3": "GRC", "iso_3166_1_numeric": "300", "printable_name": "Greece", "name": "Hellenic Republic", "display_order": 0, "is_shipping_country": false}}, {"model": "address.country", "pk": "GS", "fields": {"iso_3166_1_a3": "SGS", "iso_3166_1_numeric": "239", "printable_name": "South Georgia and the South Sandwich Islands", "name": "", "display_order": 0, "is_shipping_country": false}}, {"model": "address.country", "pk": "GT", "fields": {"iso_3166_1_a3": "GTM", "iso_3166_1_numeric": "320", "printable_name": "Guatemala", "name": "Republic of Guatemala", "display_order": 0, "is_shipping_country": false}}, {"model": "address.country", "pk": "GU", "fields": {"iso_3166_1_a3": "GUM", "iso_3166_1_numeric": "316", "printable_name": "Guam", "name": "", "display_order": 0, "is_shipping_country": false}}, {"model": "address.country", "pk": "GW", "fields": {"iso_3166_1_a3": "GNB", "iso_3166_1_numeric": "624", "printable_name": "Guinea-Bissau", "name": "Republic of Guinea-Bissau", "display_order": 0, "is_shipping_country": false}}, {"model": "address.country", "pk": "GY", "fields": {"iso_3166_1_a3": "GUY", "iso_3166_1_numeric": "328", "printable_name": "Guyana", "name": "Republic of Guyana", "display_order": 0, "is_shipping_country": false}}, {"model": "address.country", "pk": "HK", "fields": {"iso_3166_1_a3": "HKG", "iso_3166_1_numeric": "344", "printable_name": "Hong Kong", "name": "Hong Kong Special Administrative Region of China", "display_order": 0, "is_shipping_country": false}}, {"model": "address.country", "pk": "HM", "fields": {"iso_3166_1_a3": "HMD", "iso_3166_1_numeric": "334", "printable_name": "Heard Island and McDonald Islands", "name": "", "display_order": 0, "is_shipping_country": false}}, {"model": "address.country", "pk": "HN", "fields": {"iso_3166_1_a3": "HND", "iso_3166_1_numeric": "340", "printable_name": "Honduras", "name": "Republic of Honduras", "display_order": 0, "is_shipping_country": false}}, {"model": "address.country", "pk": "HR", "fields": {"iso_3166_1_a3": "HRV", "iso_3166_1_numeric": "191", "printable_name": "Croatia", "name": "Republic of Croatia", "display_order": 0, "is_shipping_country": false}}, {"model": "address.country", "pk": "HT", "fields": {"iso_3166_1_a3": "HTI", "iso_3166_1_numeric": "332", "printable_name": "Haiti", "name": "Republic of Haiti", "display_order": 0, "is_shipping_country": false}}, {"model": "address.country", "pk": "HU", "fields": {"iso_3166_1_a3": "HUN", "iso_3166_1_numeric": "348", "printable_name": "Hungary", "name": "Hungary", "display_order": 0, "is_shipping_country": false}}, {"model": "address.country", "pk": "ID", "fields": {"iso_3166_1_a3": "IDN", "iso_3166_1_numeric": "360", "printable_name": "Indonesia", "name": "Republic of Indonesia", "display_order": 0, "is_shipping_country": false}}, {"model": "address.country", "pk": "IE", "fields": {"iso_3166_1_a3": "IRL", "iso_3166_1_numeric": "372", "printable_name": "Ireland", "name": "", "display_order": 0, "is_shipping_country": false}}, {"model": "address.country", "pk": "IL", "fields": {"iso_3166_1_a3": "ISR", "iso_3166_1_numeric": "376", "printable_name": "Israel", "name": "State of Israel", "display_order": 0, "is_shipping_country": false}}, {"model": "address.country", "pk": "IM", "fields": {"iso_3166_1_a3": "IMN", "iso_3166_1_numeric": "833", "printable_name": "Isle of Man", "name": "", "display_order": 0, "is_shipping_country": false}}, {"model": "address.country", "pk": "IN", "fields": {"iso_3166_1_a3": "IND", "iso_3166_1_numeric": "356", "printable_name": "India", "name": "Republic of India", "display_order": 0, "is_shipping_country": true}}, {"model": "address.country", "pk": "IO", "fields": {"iso_3166_1_a3": "IOT", "iso_3166_1_numeric": "086", "printable_name": "British Indian Ocean Territory", "name": "", "display_order": 0, "is_shipping_country": false}}, {"model": "address.country", "pk": "IQ", "fields": {"iso_3166_1_a3": "IRQ", "iso_3166_1_numeric": "368", "printable_name": "Iraq", "name": "Republic of Iraq", "display_order": 0, "is_shipping_country": false}}, {"model": "address.country", "pk": "IR", "fields": {"iso_3166_1_a3": "IRN", "iso_3166_1_numeric": "364", "printable_name": "Iran, Islamic Republic of", "name": "Islamic Republic of Iran", "display_order": 0, "is_shipping_country": false}}, {"model": "address.country", "pk": "IS", "fields": {"iso_3166_1_a3": "ISL", "iso_3166_1_numeric": "352", "printable_name": "Iceland", "name": "Republic of Iceland", "display_order": 0, "is_shipping_country": false}}, {"model": "address.country", "pk": "IT", "fields": {"iso_3166_1_a3": "ITA", "iso_3166_1_numeric": "380", "printable_name": "Italy", "name": "Italian Republic", "display_order": 0, "is_shipping_country": false}}, {"model": "address.country", "pk": "JE", "fields": {"iso_3166_1_a3": "JEY", "iso_3166_1_numeric": "832", "printable_name": "Jersey", "name": "", "display_order": 0, "is_shipping_country": false}}, {"model": "address.country", "pk": "JM", "fields": {"iso_3166_1_a3": "JAM", "iso_3166_1_numeric": "388", "printable_name": "Jamaica", "name": "", "display_order": 0, "is_shipping_country": false}}, {"model": "address.country", "pk": "JO", "fields": {"iso_3166_1_a3": "JOR", "iso_3166_1_numeric": "400", "printable_name": "Jordan", "name": "Hashemite Kingdom of Jordan", "display_order": 0, "is_shipping_country": false}}, {"model": "address.country", "pk": "JP", "fields": {"iso_3166_1_a3": "JPN", "iso_3166_1_numeric": "392", "printable_name": "Japan", "name": "", "display_order": 0, "is_shipping_country": false}}, {"model": "address.country", "pk": "KE", "fields": {"iso_3166_1_a3": "KEN", "iso_3166_1_numeric": "404", "printable_name": "Kenya", "name": "Republic of Kenya", "display_order": 0, "is_shipping_country": false}}, {"model": "address.country", "pk": "KG", "fields": {"iso_3166_1_a3": "KGZ", "iso_3166_1_numeric": "417", "printable_name": "Kyrgyzstan", "name": "Kyrgyz Republic", "display_order": 0, "is_shipping_country": false}}, {"model": "address.country", "pk": "KH", "fields": {"iso_3166_1_a3": "KHM", "iso_3166_1_numeric": "116", "printable_name": "Cambodia", "name": "Kingdom of Cambodia", "display_order": 0, "is_shipping_country": false}}, {"model": "address.country", "pk": "KI", "fields": {"iso_3166_1_a3": "KIR", "iso_3166_1_numeric": "296", "printable_name": "Kiribati", "name": "Republic of Kiribati", "display_order": 0, "is_shipping_country": false}}, {"model": "address.country", "pk": "KM", "fields": {"iso_3166_1_a3": "COM", "iso_3166_1_numeric": "174", "printable_name": "Comoros", "name": "Union of the Comoros", "display_order": 0, "is_shipping_country": false}}, {"model": "address.country", "pk": "KN", "fields": {"iso_3166_1_a3": "KNA", "iso_3166_1_numeric": "659", "printable_name": "Saint Kitts and Nevis", "name": "", "display_order": 0, "is_shipping_country": false}}, {"model": "address.country", "pk": "KP", "fields": {"iso_3166_1_a3": "PRK", "iso_3166_1_numeric": "408", "printable_name": "Korea, Democratic People's Republic of", "name": "Democratic People's Republic of Korea", "display_order": 0, "is_shipping_country": false}}, {"model": "address.country", "pk": "KR", "fields": {"iso_3166_1_a3": "KOR", "iso_3166_1_numeric": "410", "printable_name": "Korea, Republic of", "name": "", "display_order": 0, "is_shipping_country": false}}, {"model": "address.country", "pk": "KW", "fields": {"iso_3166_1_a3": "KWT", "iso_3166_1_numeric": "414", "printable_name": "Kuwait", "name": "State of Kuwait", "display_order": 0, "is_shipping_country": false}}, {"model": "address.country", "pk": "KY", "fields": {"iso_3166_1_a3": "CYM", "iso_3166_1_numeric": "136", "printable_name": "Cayman Islands", "name": "", "display_order": 0, "is_shipping_country": false}}, {"model": "address.country", "pk": "KZ", "fields": {"iso_3166_1_a3": "KAZ", "iso_3166_1_numeric": "398", "printable_name": "Kazakhstan", "name": "Republic of Kazakhstan", "display_order": 0, "is_shipping_country": false}}, {"model": "address.country", "pk": "LA", "fields": {"iso_3166_1_a3": "LAO", "iso_3166_1_numeric": "418", "printable_name": "Lao People's Democratic Republic", "name": "", "display_order": 0, "is_shipping_country": false}}, {"model": "address.country", "pk": "LB", "fields": {"iso_3166_1_a3": "LBN", "iso_3166_1_numeric": "422", "printable_name": "Lebanon", "name": "Lebanese Republic", "display_order": 0, "is_shipping_country": false}}, {"model": "address.country", "pk": "LC", "fields": {"iso_3166_1_a3": "LCA", "iso_3166_1_numeric": "662", "printable_name": "Saint Lucia", "name": "", "display_order": 0, "is_shipping_country": false}}, {"model": "address.country", "pk": "LI", "fields": {"iso_3166_1_a3": "LIE", "iso_3166_1_numeric": "438", "printable_name": "Liechtenstein", "name": "Principality of Liechtenstein", "display_order": 0, "is_shipping_country": false}}, {"model": "address.country", "pk": "LK", "fields": {"iso_3166_1_a3": "LKA", "iso_3166_1_numeric": "144", "printable_name": "Sri Lanka", "name": "Democratic Socialist Republic of Sri Lanka", "display_order": 0, "is_shipping_country": false}}, {"model": "address.country", "pk": "LR", "fields": {"iso_3166_1_a3": "LBR", "iso_3166_1_numeric": "430", "printable_name": "Liberia", "name": "Republic of Liberia", "display_order": 0, "is_shipping_country": false}}, {"model": "address.country", "pk": "LS", "fields": {"iso_3166_1_a3": "LSO", "iso_3166_1_numeric": "426", "printable_name": "Lesotho", "name": "Kingdom of Lesotho", "display_order": 0, "is_shipping_country": false}}, {"model": "address.country", "pk": "LT", "fields": {"iso_3166_1_a3": "LTU", "iso_3166_1_numeric": "440", "printable_name": "Lithuania", "name": "Republic of Lithuania", "display_order": 0, "is_shipping_country": false}}, {"model": "address.country", "pk": "LU", "fields": {"iso_3166_1_a3": "LUX", "iso_3166_1_numeric": "442", "printable_name": "Luxembourg", "name": "Grand Duchy of Luxembourg", "display_order": 0, "is_shipping_country": false}}, {"model": "address.country", "pk": "LV", "fields": {"iso_3166_1_a3": "LVA", "iso_3166_1_numeric": "428", "printable_name": "Latvia", "name": "Republic of Latvia", "display_order": 0, "is_shipping_country": false}}, {"model": "address.country", "pk": "LY", "fields": {"iso_3166_1_a3": "LBY", "iso_3166_1_numeric": "434", "printable_name": "Libya", "name": "Libya", "display_order": 0, "is_shipping_country": false}}, {"model": "address.country", "pk": "MA", "fields": {"iso_3166_1_a3": "MAR", "iso_3166_1_numeric": "504", "printable_name": "Morocco", "name": "Kingdom of Morocco", "display_order": 0, "is_shipping_country": false}}, {"model": "address.country", "pk": "MC", "fields": {"iso_3166_1_a3": "MCO", "iso_3166_1_numeric": "492", "printable_name": "Monaco", "name": "Principality of Monaco", "display_order": 0, "is_shipping_country": false}}, {"model": "address.country", "pk": "MD", "fields": {"iso_3166_1_a3": "MDA", "iso_3166_1_numeric": "498", "printable_name": "Moldova, Republic of", "name": "Republic of Moldova", "display_order": 0, "is_shipping_country": false}}, {"model": "address.country", "pk": "ME", "fields": {"iso_3166_1_a3": "MNE", "iso_3166_1_numeric": "499", "printable_name": "Montenegro", "name": "Montenegro", "display_order": 0, "is_shipping_country": false}}, {"model": "address.country", "pk": "MF", "fields": {"iso_3166_1_a3": "MAF", "iso_3166_1_numeric": "663", "printable_name": "Saint Martin (French part)", "name": "", "display_order": 0, "is_shipping_country": false}}, {"model": "address.country", "pk": "MG", "fields": {"iso_3166_1_a3": "MDG", "iso_3166_1_numeric": "450", "printable_name": "Madagascar", "name": "Republic of Madagascar", "display_order": 0, "is_shipping_country": false}}, {"model": "address.country", "pk": "MH", "fields": {"iso_3166_1_a3": "MHL", "iso_3166_1_numeric": "584", "printable_name": "Marshall Islands", "name": "Republic of the Marshall Islands", "display_order": 0, "is_shipping_country": false}}, {"model": "address.country", "pk": "MK", "fields": {"iso_3166_1_a3": "MKD", "iso_3166_1_numeric": "807", "printable_name": "North Macedonia", "name": "Republic of North Macedonia", "display_order": 0, "is_shipping_country": false}}, {"model": "address.country", "pk": "ML", "fields": {"iso_3166_1_a3": "MLI", "iso_3166_1_numeric": "466", "printable_name": "Mali", "name": "Republic of Mali", "display_order": 0, "is_shipping_country": false}}, {"model": "address.country", "pk": "MM", "fields": {"iso_3166_1_a3": "MMR", "iso_3166_1_numeric": "104", "printable_name": "Myanmar", "name": "Republic of Myanmar", "display_order": 0, "is_shipping_country": false}}, {"model": "address.country", "pk": "MN", "fields": {"iso_3166_1_a3": "MNG", "iso_3166_1_numeric": "496", "printable_name": "Mongolia", "name": "", "display_order": 0, "is_shipping_country": false}}, {"model": "address.country", "pk": "MO", "fields": {"iso_3166_1_a3": "MAC", "iso_3166_1_numeric": "446", "printable_name": "Macao", "name": "Macao Special Administrative Region of China", "display_order": 0, "is_shipping_country": false}}, {"model": "address.country", "pk": "MP", "fields": {"iso_3166_1_a3": "MNP", "iso_3166_1_numeric": "580", "printable_name": "Northern Mariana Islands", "name": "Commonwealth of the Northern Mariana Islands", "display_order": 0, "is_shipping_country": false}}, {"model": "address.country", "pk": "MQ", "fields": {"iso_3166_1_a3": "MTQ", "iso_3166_1_numeric": "474", "printable_name": "Martinique", "name": "", "display_order": 0, "is_shipping_country": false}}, {"model": "address.country", "pk": "MR", "fields": {"iso_3166_1_a3": "MRT", "iso_3166_1_numeric": "478", "printable_name": "Mauritania", "name": "Islamic Republic of Mauritania", "display_order": 0, "is_shipping_country": false}}, {"model": "address.country", "pk": "MS", "fields": {"iso_3166_1_a3": "MSR", "iso_3166_1_numeric": "500", "printable_name": "Montserrat", "name": "", "display_order": 0, "is_shipping_country": false}}, {"model": "address.country", "pk": "MT", "fields": {"iso_3166_1_a3": "MLT", "iso_3166_1_numeric": "470", "printable_name": "Malta", "name": "Republic of Malta", "display_order": 0, "is_shipping_country": false}}, {"model": "address.country", "pk": "MU", "fields": {"iso_3166_1_a3": "MUS", "iso_3166_1_numeric": "480", "printable_name": "Mauritius", "name": "Republic of Mauritius", "display_order": 0, "is_shipping_country": false}}, {"model": "address.country", "pk": "MV", "fields": {"iso_3166_1_a3": "MDV", "iso_3166_1_numeric": "462", "printable_name": "Maldives", "name": "Republic of Maldives", "display_order": 0, "is_shipping_country": false}}, {"model": "address.country", "pk": "MW", "fields": {"iso_3166_1_a3": "MWI", "iso_3166_1_numeric": "454", "printable_name": "Malawi", "name": "Republic of Malawi", "display_order": 0, "is_shipping_country": false}}, {"model": "address.country", "pk": "MX", "fields": {"iso_3166_1_a3": "MEX", "iso_3166_1_numeric": "484", "printable_name": "Mexico", "name": "United Mexican States", "display_order": 0, "is_shipping_country": false}}, {"model": "address.country", "pk": "MY", "fields": {"iso_3166_1_a3": "MYS", "iso_3166_1_numeric": "458", "printable_name": "Malaysia", "name": "", "display_order": 0, "is_shipping_country": false}}, {"model": "address.country", "pk": "MZ", "fields": {"iso_3166_1_a3": "MOZ", "iso_3166_1_numeric": "508", "printable_name": "Mozambique", "name": "Republic of Mozambique", "display_order": 0, "is_shipping_country": false}}, {"model": "address.country", "pk": "NA", "fields": {"iso_3166_1_a3": "NAM", "iso_3166_1_numeric": "516", "printable_name": "Namibia", "name": "Republic of Namibia", "display_order": 0, "is_shipping_country": false}}, {"model": "address.country", "pk": "NC", "fields": {"iso_3166_1_a3": "NCL", "iso_3166_1_numeric": "540", "printable_name": "New Caledonia", "name": "", "display_order": 0, "is_shipping_country": false}}, {"model": "address.country", "pk": "NE", "fields": {"iso_3166_1_a3": "NER", "iso_3166_1_numeric": "562", "printable_name": "Niger", "name": "Republic of the Niger", "display_order": 0, "is_shipping_country": false}}, {"model": "address.country", "pk": "NF", "fields": {"iso_3166_1_a3": "NFK", "iso_3166_1_numeric": "574", "printable_name": "Norfolk Island", "name": "", "display_order": 0, "is_shipping_country": false}}, {"model": "address.country", "pk": "NG", "fields": {"iso_3166_1_a3": "NGA", "iso_3166_1_numeric": "566", "printable_name": "Nigeria", "name": "Federal Republic of Nigeria", "display_order": 0, "is_shipping_country": false}}, {"model": "address.country", "pk": "NI", "fields": {"iso_3166_1_a3": "NIC", "iso_3166_1_numeric": "558", "printable_name": "Nicaragua", "name": "Republic of Nicaragua", "display_order": 0, "is_shipping_country": false}}, {"model": "address.country", "pk": "NL", "fields": {"iso_3166_1_a3": "NLD", "iso_3166_1_numeric": "528", "printable_name": "Netherlands", "name": "Kingdom of the Netherlands", "display_order": 0, "is_shipping_country": false}}, {"model": "address.country", "pk": "NO", "fields": {"iso_3166_1_a3": "NOR", "iso_3166_1_numeric": "578", "printable_name": "Norway", "name": "Kingdom of Norway", "display_order": 0, "is_shipping_country": false}}, {"model": "address.country", "pk": "NP", "fields": {"iso_3166_1_a3": "NPL", "iso_3166_1_numeric": "524", "printable_name": "Nepal", "name": "Federal Democratic Republic of Nepal", "display_order": 0, "is_shipping_country": false}}, {"model": "address.country", "pk": "NR", "fields": {"iso_3166_1_a3": "NRU", "iso_3166_1_numeric": "520", "printable_name": "Nauru", "name": "Republic of Nauru", "display_order": 0, "is_shipping_country": false}}, {"model": "address.country", "pk": "NU", "fields": {"iso_3166_1_a3": "NIU", "iso_3166_1_numeric": "570", "printable_name": "Niue", "name": "Niue", "display_order": 0, "is_shipping_country": false}}, {"model": "address.country", "pk": "NZ", "fields": {"iso_3166_1_a3": "NZL", "iso_3166_1_numeric": "554", "printable_name": "New Zealand", "name": "", "display_order": 0, "is_shipping_country": false}}, {"model": "address.country", "pk": "OM", "fields": {"iso_3166_1_a3": "OMN", "iso_3166_1_numeric": "512", "printable_name": "Oman", "name": "Sultanate of Oman", "display_order": 0, "is_shipping_country": false}}, {"model": "address.country", "pk": "PA", "fields": {"iso_3166_1_a3": "PAN", "iso_3166_1_numeric": "591", "printable_name": "Panama", "name": "Republic of Panama", "display_order": 0, "is_shipping_country": false}}, {"model": "address.country", "pk": "PE", "fields": {"iso_3166_1_a3": "PER", "iso_3166_1_numeric": "604", "printable_name": "Peru", "name": "Republic of Peru", "display_order": 0, "is_shipping_country": false}}, {"model": "address.country", "pk": "PF", "fields": {"iso_3166_1_a3": "PYF", "iso_3166_1_numeric": "258", "printable_name": "French Polynesia", "name": "", "display_order": 0, "is_shipping_country": false}}, {"model": "address.country", "pk": "PG", "fields": {"iso_3166_1_a3": "PNG", "iso_3166_1_numeric": "598", "printable_name": "Papua New Guinea", "name": "Independent State of Papua New Guinea", "display_order": 0, "is_shipping_country": false}}, {"model": "address.country", "pk": "PH", "fields": {"iso_3166_1_a3": "PHL", "iso_3166_1_numeric": "608", "printable_name": "Philippines", "name": "Republic of the Philippines", "display_order": 0, "is_shipping_country": false}}, {"model": "address.country", "pk": "PK", "fields": {"iso_3166_1_a3": "PAK", "iso_3166_1_numeric": "586", "printable_name": "Pakistan", "name": "Islamic Republic of Pakistan", "display_order": 0, "is_shipping_country": false}}, {"model": "address.country", "pk": "PL", "fields": {"iso_3166_1_a3": "POL", "iso_3166_1_numeric": "616", "printable_name": "Poland", "name": "Republic of Poland", "display_order": 0, "is_shipping_country": false}}, {"model": "address.country", "pk": "PM", "fields": {"iso_3166_1_a3": "SPM", "iso_3166_1_numeric": "666", "printable_name": "Saint Pierre and Miquelon", "name": "", "display_order": 0, "is_shipping_country": false}}, {"model": "address.country", "pk": "PN", "fields": {"iso_3166_1_a3": "PCN", "iso_3166_1_numeric": "612", "printable_name": "Pitcairn", "name": "", "display_order": 0, "is_shipping_country": false}}, {"model": "address.country", "pk": "PR", "fields": {"iso_3166_1_a3": "PRI", "iso_3166_1_numeric": "630", "printable_name": "Puerto Rico", "name": "", "display_order": 0, "is_shipping_country": false}}, {"model": "address.country", "pk": "PS", "fields": {"iso_3166_1_a3": "PSE", "iso_3166_1_numeric": "275", "printable_name": "Palestine, State of", "name": "the State of Palestine", "display_order": 0, "is_shipping_country": false}}, {"model": "address.country", "pk": "PT", "fields": {"iso_3166_1_a3": "PRT", "iso_3166_1_numeric": "620", "printable_name": "Portugal", "name": "Portuguese Republic", "display_order": 0, "is_shipping_country": false}}, {"model": "address.country", "pk": "PW", "fields": {"iso_3166_1_a3": "PLW", "iso_3166_1_numeric": "585", "printable_name": "Palau", "name": "Republic of Palau", "display_order": 0, "is_shipping_country": false}}, {"model": "address.country", "pk": "PY", "fields": {"iso_3166_1_a3": "PRY", "iso_3166_1_numeric": "600", "printable_name": "Paraguay", "name": "Republic of Paraguay", "display_order": 0, "is_shipping_country": false}}, {"model": "address.country", "pk": "QA", "fields": {"iso_3166_1_a3": "QAT", "iso_3166_1_numeric": "634", "printable_name": "Qatar", "name": "State of Qatar", "display_order": 0, "is_shipping_country": false}}, {"model": "address.country", "pk": "RE", "fields": {"iso_3166_1_a3": "REU", "iso_3166_1_numeric": "638", "printable_name": "Réunion", "name": "", "display_order": 0, "is_shipping_country": false}}, {"model": "address.country", "pk": "RO", "fields": {"iso_3166_1_a3": "ROU", "iso_3166_1_numeric": "642", "printable_name": "Romania", "name": "", "display_order": 0, "is_shipping_country": false}}, {"model": "address.country", "pk": "RS", "fields": {"iso_3166_1_a3": "SRB", "iso_3166_1_numeric": "688", "printable_name": "Serbia", "name": "Republic of Serbia", "display_order": 0, "is_shipping_country": false}}, {"model": "address.country", "pk": "RU", "fields": {"iso_3166_1_a3": "RUS", "iso_3166_1_numeric": "643", "printable_name": "Russian Federation", "name": "", "display_order": 0, "is_shipping_country": false}}, {"model": "address.country", "pk": "RW", "fields": {"iso_3166_1_a3": "RWA", "iso_3166_1_numeric": "646", "printable_name": "Rwanda", "name": "Rwandese Republic", "display_order": 0, "is_shipping_country": false}}, {"model": "address.country", "pk": "SA", "fields": {"iso_3166_1_a3": "SAU", "iso_3166_1_numeric": "682", "printable_name": "Saudi Arabia", "name": "Kingdom of Saudi Arabia", "display_order": 0, "is_shipping_country": false}}, {"model": "address.country", "pk": "SB", "fields": {"iso_3166_1_a3": "SLB", "iso_3166_1_numeric": "090", "printable_name": "Solomon Islands", "name": "", "display_order": 0, "is_shipping_country": false}}, {"model": "address.country", "pk": "SC", "fields": {"iso_3166_1_a3": "SYC", "iso_3166_1_numeric": "690", "printable_name": "Seychelles", "name": "Republic of Seychelles", "display_order": 0, "is_shipping_country": false}}, {"model": "address.country", "pk": "SD", "fields": {"iso_3166_1_a3": "SDN", "iso_3166_1_numeric": "729", "printable_name": "Sudan", "name": "Republic of the Sudan", "display_order": 0, "is_shipping_country": false}}, {"model": "address.country", "pk": "SE", "fields": {"iso_3166_1_a3": "SWE", "iso_3166_1_numeric": "752", "printable_name": "Sweden", "name": "Kingdom of Sweden", "display_order": 0, "is_shipping_country": false}}, {"model": "address.country", "pk": "SG", "fields": {"iso_3166_1_a3": "SGP", "iso_3166_1_numeric": "702", "printable_name": "Singapore", "name": "Republic of Singapore", "display_order": 0, "is_shipping_country": false}}, {"model": "address.country", "pk": "SH", "fields": {"iso_3166_1_a3": "SHN", "iso_3166_1_numeric": "654", "printable_name": "Saint Helena, Ascension and Tristan da Cunha", "name": "", "display_order": 0, "is_shipping_country": false}}, {"model": "address.country", "pk": "SI", "fields": {"iso_3166_1_a3": "SVN", "iso_3166_1_numeric": "705", "printable_name": "Slovenia", "name": "Republic of Slovenia", "display_order": 0, "is_shipping_country": false}}, {"model": "address.country", "pk": "SJ", "fields": {"iso_3166_1_a3": "SJM", "iso_3166_1_numeric": "744", "printable_name": "Svalbard and Jan Mayen", "name": "", "display_order": 0, "is_shipping_country": false}}, {"model": "address.country", "pk": "SK", "fields": {"iso_3166_1_a3": "SVK", "iso_3166_1_numeric": "703", "printable_name": "Slovakia", "name": "Slovak Republic", "display_order": 0, "is_shipping_country": false}}, {"model": "address.country", "pk": "SL", "fields": {"iso_3166_1_a3": "SLE", "iso_3166_1_numeric": "694", "printable_name": "Sierra Leone", "name": "Republic of Sierra Leone", "display_order": 0, "is_shipping_country": false}}, {"model": "address.country", "pk": "SM", "fields": {"iso_3166_1_a3": "SMR", "iso_3166_1_numeric": "674", "printable_name": "San Marino", "name": "Republic of San Marino", "display_order": 0, "is_shipping_country": false}}, {"model": "address.country", "pk": "SN", "fields": {"iso_3166_1_a3": "SEN", "iso_3166_1_numeric": "686", "printable_name": "Senegal", "name": "Republic of Senegal", "display_order": 0, "is_shipping_country": false}}, {"model": "address.country", "pk": "SO", "fields": {"iso_3166_1_a3": "SOM", "iso_3166_1_numeric": "706", "printable_name": "Somalia", "name": "Federal Republic of Somalia", "display_order": 0, "is_shipping_country": false}}, {"model": "address.country", "pk": "SR", "fields": {"iso_3166_1_a3": "SUR", "iso_3166_1_numeric": "740", "printable_name": "Suriname", "name": "Republic of Suriname", "display_order": 0, "is_shipping_country": false}}, {"model": "address.country", "pk": "SS", "fields": {"iso_3166_1_a3": "SSD", "iso_3166_1_numeric": "728", "printable_name": "South Sudan", "name": "Republic of South Sudan", "display_order": 0, "is_shipping_country": false}}, {"model": "address.country", "pk": "ST", "fields": {"iso_3166_1_a3": "STP", "iso_3166_1_numeric": "678", "printable_name": "Sao Tome and Principe", "name": "Democratic Republic of Sao Tome and Principe", "display_order": 0, "is_shipping_country": false}}, {"model": "address.country", "pk": "SV", "fields": {"iso_3166_1_a3": "SLV", "iso_3166_1_numeric": "222", "printable_name": "El Salvador", "name": "Republic of El Salvador", "display_order": 0, "is_shipping_country": false}}, {"model": "address.country", "pk": "SX", "fields": {"iso_3166_1_a3": "SXM", "iso_3166_1_numeric": "534", "printable_name": "Sint Maarten (Dutch part)", "name": "Sint Maarten (Dutch part)", "display_order": 0, "is_shipping_country": false}}, {"model": "address.country", "pk": "SY", "fields": {"iso_3166_1_a3": "SYR", "iso_3166_1_numeric": "760", "printable_name": "Syrian Arab Republic", "name": "", "display_order": 0, "is_shipping_country": false}}, {"model": "address.country", "pk": "SZ", "fields": {"iso_3166_1_a3": "SWZ", "iso_3166_1_numeric": "748", "printable_name": "Eswatini", "name": "Kingdom of Eswatini", "display_order": 0, "is_shipping_country": false}}, {"model": "address.country", "pk": "TC", "fields": {"iso_3166_1_a3": "TCA", "iso_3166_1_numeric": "796", "printable_name": "Turks and Caicos Islands", "name": "", "display_order": 0, "is_shipping_country": false}}, {"model": "address.country", "pk": "TD", "fields": {"iso_3166_1_a3": "TCD", "iso_3166_1_numeric": "148", "printable_name": "Chad", "name": "Republic of Chad", "display_order": 0, "is_shipping_country": false}}, {"model": "address.country", "pk": "TF", "fields": {"iso_3166_1_a3": "ATF", "iso_3166_1_numeric": "260", "printable_name": "French Southern Territories", "name": "", "display_order": 0, "is_shipping_country": false}}, {"model": "address.country", "pk": "TG", "fields": {"iso_3166_1_a3": "TGO", "iso_3166_1_numeric": "768", "printable_name": "Togo", "name": "Togolese Republic", "display_order": 0, "is_shipping_country": false}}, {"model": "address.country", "pk": "TH", "fields": {"iso_3166_1_a3": "THA", "iso_3166_1_numeric": "764", "printable_name": "Thailand", "name": "Kingdom of Thailand", "display_order": 0, "is_shipping_country": false}}, {"model": "address.country", "pk": "TJ", "fields": {"iso_3166_1_a3": "TJK", "iso_3166_1_numeric": "762", "printable_name": "Tajikistan", "name": "Republic of Tajikistan", "display_order": 0, "is_shipping_country": false}}, {"model": "address.country", "pk": "TK", "fields": {"iso_3166_1_a3": "TKL", "iso_3166_1_numeric": "772", "printable_name": "Tokelau", "name": "", "display_order": 0, "is_shipping_country": false}}, {"model": "address.country", "pk": "TL", "fields": {"iso_3166_1_a3": "TLS", "iso_3166_1_numeric": "626", "printable_name": "Timor-Leste", "name": "Democratic Republic of Timor-Leste", "display_order": 0, "is_shipping_country": false}}, {"model": "address.country", "pk": "TM", "fields": {"iso_3166_1_a3": "TKM", "iso_3166_1_numeric": "795", "printable_name": "Turkmenistan", "name": "", "display_order": 0, "is_shipping_country": false}}, {"model": "address.country", "pk": "TN", "fields": {"iso_3166_1_a3": "TUN", "iso_3166_1_numeric": "788", "printable_name": "Tunisia", "name": "Republic of Tunisia", "display_order": 0, "is_shipping_country": false}}, {"model": "address.country", "pk": "TO", "fields": {"iso_3166_1_a3": "TON", "iso_3166_1_numeric": "776", "printable_name": "Tonga", "name": "Kingdom of Tonga", "display_order": 0, "is_shipping_country": false}}, {"model": "address.country", "pk": "TR", "fields": {"iso_3166_1_a3": "TUR", "iso_3166_1_numeric": "792", "printable_name": "Turkey", "name": "Republic of Turkey", "display_order": 0, "is_shipping_country": false}}, {"model": "address.country", "pk": "TT", "fields": {"iso_3166_1_a3": "TTO", "iso_3166_1_numeric": "780", "printable_name": "Trinidad and Tobago", "name": "Republic of Trinidad and Tobago", "display_order": 0, "is_shipping_country": false}}, {"model": "address.country", "pk": "TV", "fields": {"iso_3166_1_a3": "TUV", "iso_3166_1_numeric": "798", "printable_name": "Tuvalu", "name": "", "display_order": 0, "is_shipping_country": false}}, {"model": "address.country", "pk": "TW", "fields": {"iso_3166_1_a3": "TWN", "iso_3166_1_numeric": "158", "printable_name": "Taiwan, Province of China", "name": "Taiwan, Province of China", "display_order": 0, "is_shipping_country": false}}, {"model": "address.country", "pk": "TZ", "fields": {"iso_3166_1_a3": "TZA", "iso_3166_1_numeric": "834", "printable_name": "Tanzania, United Republic of", "name": "United Republic of Tanzania", "display_order": 0, "is_shipping_country": false}}, {"model": "address.country", "pk": "UA", "fields": {"iso_3166_1_a3": "UKR", "iso_3166_1_numeric": "804", "printable_name": "Ukraine", "name": "", "display_order": 0, "is_shipping_country": false}}, {"model": "address.country", "pk": "UG", "fields": {"iso_3166_1_a3": "UGA", "iso_3166_1_numeric": "800", "printable_name": "Uganda", "name": "Republic of Uganda", "display_order": 0, "is_shipping_country": false}}, {"model": "address.country", "pk": "UM", "fields": {"iso_3166_1_a3": "UMI", "iso_3166_1_numeric": "581", "printable_name": "United States Minor Outlying Islands", "name": "", "display_order": 0, "is_shipping_country": false}}, {"model": "address.country", "pk": "US", "fields": {"iso_3166_1_a3": "USA", "iso_3166_1_numeric": "840", "printable_name": "United States", "name": "United States of America", "display_order": 0, "is_shipping_country": false}}, {"model": "address.country", "pk": "UY", "fields": {"iso_3166_1_a3": "URY", "iso_3166_1_numeric": "858", "printable_name": "Uruguay", "name": "Eastern Republic of Uruguay", "display_order": 0, "is_shipping_country": false}}, {"model": "address.country", "pk": "UZ", "fields": {"iso_3166_1_a3": "UZB", "iso_3166_1_numeric": "860", "printable_name": "Uzbekistan", "name": "Republic of Uzbekistan", "display_order": 0, "is_shipping_country": false}}, {"model": "address.country", "pk": "VA", "fields": {"iso_3166_1_a3": "VAT", "iso_3166_1_numeric": "336", "printable_name": "Holy See (Vatican City State)", "name": "", "display_order": 0, "is_shipping_country": false}}, {"model": "address.country", "pk": "VC", "fields": {"iso_3166_1_a3": "VCT", "iso_3166_1_numeric": "670", "printable_name": "Saint Vincent and the Grenadines", "name": "", "display_order": 0, "is_shipping_country": false}}, {"model": "address.country", "pk": "VE", "fields": {"iso_3166_1_a3": "VEN", "iso_3166_1_numeric": "862", "printable_name": "Venezuela, Bolivarian Republic of", "name": "Bolivarian Republic of Venezuela", "display_order": 0, "is_shipping_country": false}}, {"model": "address.country", "pk": "VG", "fields": {"iso_3166_1_a3": "VGB", "iso_3166_1_numeric": "092", "printable_name": "Virgin Islands, British", "name": "British Virgin Islands", "display_order": 0, "is_shipping_country": false}}, {"model": "address.country", "pk": "VI", "fields": {"iso_3166_1_a3": "VIR", "iso_3166_1_numeric": "850", "printable_name": "Virgin Islands, U.S.", "name": "Virgin Islands of the United States", "display_order": 0, "is_shipping_country": false}}, {"model": "address.country", "pk": "VN", "fields": {"iso_3166_1_a3": "VNM", "iso_3166_1_numeric": "704", "printable_name": "Viet Nam", "name": "Socialist Republic of Viet Nam", "display_order": 0, "is_shipping_country": false}}, {"model": "address.country", "pk": "VU", "fields": {"iso_3166_1_a3": "VUT", "iso_3166_1_numeric": "548", "printable_name": "Vanuatu", "name": "Republic of Vanuatu", "display_order": 0, "is_shipping_country": false}}, {"model": "address.country", "pk": "WF", "fields": {"iso_3166_1_a3": "WLF", "iso_3166_1_numeric": "876", "printable_name": "Wallis and Futuna", "name": "", "display_order": 0, "is_shipping_country": false}}, {"model": "address.country", "pk": "WS", "fields": {"iso_3166_1_a3": "WSM", "iso_3166_1_numeric": "882", "printable_name": "Samoa", "name": "Independent State of Samoa", "display_order": 0, "is_shipping_country": false}}, {"model": "address.country", "pk": "YE", "fields": {"iso_3166_1_a3": "YEM", "iso_3166_1_numeric": "887", "printable_name": "Yemen", "name": "Republic of Yemen", "display_order": 0, "is_shipping_country": false}}, {"model": "address.country", "pk": "YT", "fields": {"iso_3166_1_a3": "MYT", "iso_3166_1_numeric": "175", "printable_name": "Mayotte", "name": "", "display_order": 0, "is_shipping_country": false}}, {"model": "address.country", "pk": "ZA", "fields": {"iso_3166_1_a3": "ZAF", "iso_3166_1_numeric": "710", "printable_name": "South Africa", "name": "Republic of South Africa", "display_order": 0, "is_shipping_country": false}}, {"model": "address.country", "pk": "ZM", "fields": {"iso_3166_1_a3": "ZMB", "iso_3166_1_numeric": "894", "printable_name": "Zambia", "name": "Republic of Zambia", "display_order": 0, "is_shipping_country": false}}, {"model": "address.country", "pk": "ZW", "fields": {"iso_3166_1_a3": "ZWE", "iso_3166_1_numeric": "716", "printable_name": "Zimbabwe", "name": "Republic of Zimbabwe", "display_order": 0, "is_shipping_country": false}}, {"model": "reviews.productreview", "pk": 1, "fields": {"product": 7, "score": 4, "title": "Good financial book", "body": "Good for those who are beginner at financial level", "user": 1, "name": "", "email": "", "homepage": "", "status": 1, "total_votes": 0, "delta_votes": 0, "date_created": "2022-02-11T07:17:24.684Z"}}, {"model": "reviews.productreview", "pk": 2, "fields": {"product": 8, "score": 3, "title": "Best book", "body": "Best book", "user": 1, "name": "", "email": "", "homepage": "", "status": 1, "total_votes": 0, "delta_votes": 0, "date_created": "2022-02-11T12:08:26.863Z"}}, {"model": "communication.email", "pk": 1, "fields": {"user": 1, "email": "admin@gmail.com", "subject": "Confirmation of order 100001", "body_text": "Hello,\n\nWe are pleased to confirm your order 100001 has been received and\nwill be processed shortly.\n\nYour order contains:\n\n * Denim&#x27;s Jacket - quantity: 2 - price: ₹200.00\n\nCart total: ₹200.00\nShipping: ₹0.00\nOrder Total: ₹200.00\n\nShipping address:\n\n  Ms Komal Rajput\n  Ground Floor, Jay Ambe Apartment\n  Nr. Gurudwara\n  Maninagar\n  Ahmedabad\n  Gujarat\n  380008\n  India\n\n\n\nYou can view the status of this order at the below URL:\nhttp://example.com/accounts/orders/100001/\n\n\nThe team\n", "body_html": "\n<!DOCTYPE html PUBLIC \"-//W3C//DTD XHTML 1.0 Transitional//EN\" \"http://www.w3.org/TR/xhtml1/DTD/xhtml1-transitional.dtd\">\n<html xmlns=\"http://www.w3.org/1999/xhtml\">\n    <head>\n        <meta name=\"viewport\" content=\"width=device-width\" />\n        <meta http-equiv=\"Content-Type\" content=\"text/html; charset=UTF-8\" />\n        <style>\n            * {\n              margin: 0;\n              font-family: \"Helvetica Neue\", Helvetica, Arial, sans-serif;\n              box-sizing: border-box;\n              font-size: 14px;\n            }\n\n            img {\n              max-width: 100%;\n            }\n\n            body {\n              -webkit-font-smoothing: antialiased;\n              -webkit-text-size-adjust: none;\n              width: 100% !important;\n              height: 100%;\n              line-height: 1.6em;\n            }\n\n            table td {\n              vertical-align: top;\n            }\n\n            body {\n              background-color: #f6f6f6;\n            }\n\n            .body-wrap {\n              background-color: #f6f6f6;\n              width: 100%;\n            }\n\n            .container {\n              display: block !important;\n              max-width: 600px !important;\n              margin: 0 auto !important;\n              clear: both !important;\n            }\n\n            .content {\n              max-width: 600px;\n              margin: 0 auto;\n              display: block;\n              padding: 20px;\n            }\n\n            .main {\n              background-color: #fff;\n              border: 1px solid #e9e9e9;\n              border-radius: 3px;\n            }\n\n            .content-wrap {\n              padding: 20px;\n            }\n\n            .content-block {\n              padding: 0 0 20px;\n            }\n\n            .header {\n              width: 100%;\n              margin-bottom: 20px;\n            }\n\n            .footer {\n              width: 100%;\n              clear: both;\n              color: #999;\n              padding: 20px;\n            }\n            .footer p, .footer a, .footer td {\n              color: #999;\n              font-size: 12px;\n            }\n\n            h1, h2, h3 {\n              font-family: \"Helvetica Neue\", Helvetica, Arial, \"Lucida Grande\", sans-serif;\n              color: #000;\n              margin: 40px 0 0;\n              line-height: 1.2em;\n              font-weight: 400;\n            }\n\n            h1 {\n              font-size: 32px;\n              font-weight: 500;\n            }\n\n            h2 {\n              font-size: 24px;\n            }\n\n            h3 {\n              font-size: 18px;\n            }\n\n            h4 {\n              font-size: 14px;\n              font-weight: 600;\n            }\n\n            p, ul, ol {\n              margin-bottom: 10px;\n              font-weight: normal;\n            }\n            p li, ul li, ol li {\n              margin-left: 5px;\n              list-style-position: inside;\n            }\n\n            a {\n              color: #348eda;\n              text-decoration: underline;\n            }\n\n            .btn-primary {\n              text-decoration: none;\n              color: #FFF;\n              background-color: #348eda;\n              border: solid #348eda;\n              border-width: 10px 20px;\n              line-height: 2em;\n              font-weight: bold;\n              text-align: center;\n              cursor: pointer;\n              display: inline-block;\n              border-radius: 5px;\n              text-transform: capitalize;\n            }\n\n            .last {\n              margin-bottom: 0;\n            }\n\n            .first {\n              margin-top: 0;\n            }\n\n            .aligncenter {\n              text-align: center;\n            }\n\n            .alignright {\n              text-align: right;\n            }\n\n            .alignleft {\n              text-align: left;\n            }\n\n            .clear {\n              clear: both;\n            }\n\n            .alert {\n              font-size: 16px;\n              color: #fff;\n              font-weight: 500;\n              padding: 20px;\n              text-align: center;\n              border-radius: 3px 3px 0 0;\n            }\n            .alert a {\n              color: #fff;\n              text-decoration: none;\n              font-weight: 500;\n              font-size: 16px;\n            }\n            .alert.alert-warning {\n              background-color: #FF9F00;\n            }\n            .alert.alert-bad {\n              background-color: #D0021B;\n            }\n            .alert.alert-good {\n              background-color: #68B90F;\n            }\n\n            .invoice {\n              margin: 40px auto;\n              text-align: left;\n              width: 80%;\n            }\n            .order {\n              text-align: left;\n              width: 100%;\n            }\n            .invoice td, .order td {\n              padding: 5px 0;\n            }\n            .invoice .invoice-items, .order .order-items {\n              width: 100%;\n            }\n            .invoice .invoice-items td, .order .order-items td {\n              border-top: #eee 1px solid;\n            }\n            .invoice .invoice-items .total td, .order .order-items .total td {\n              border-top: 2px solid #333;\n              border-bottom: 2px solid #333;\n              font-weight: 700;\n            }\n\n            @media only screen and (max-width: 640px) {\n              body {\n                padding: 0 !important;\n              }\n\n              h1, h2, h3, h4 {\n                font-weight: 800 !important;\n                margin: 20px 0 5px !important;\n              }\n\n              h1 {\n                font-size: 22px !important;\n              }\n\n              h2 {\n                font-size: 18px !important;\n              }\n\n              h3 {\n                font-size: 16px !important;\n              }\n\n              .container {\n                padding: 0 !important;\n                width: 100% !important;\n              }\n\n              .content {\n                padding: 0 !important;\n              }\n\n              .content-wrap {\n                padding: 10px !important;\n              }\n\n              .invoice {\n                width: 100% !important;\n              }\n\n              .order {\n                width: 100% !important;\n              }\n            }\n\n        </style>\n    </head>\n\n    <body itemscope itemtype=\"http://schema.org/EmailMessage\">\n\n    <table class=\"body-wrap\">\n        <tr>\n            <td></td>\n            <td class=\"container\" width=\"600\">\n                <div class=\"content\">\n                    <table class=\"main\" width=\"100%\" cellpadding=\"0\" cellspacing=\"0\" itemprop=\"action\" itemscope itemtype=\"http://schema.org/ConfirmAction\">\n                        <tr>\n                            <td class=\"content-wrap\">\n                                <table width=\"100%\" cellpadding=\"0\" cellspacing=\"0\">\n                                    \n                                    \n<tr>\n    <td class=\"content-block\">\n        <p xmlns=\"http://www.w3.org/1999/html\">Hello,</p>\n        <p>We are pleased to confirm your order 100001 has been received and\n        will be processed shortly.</p>\n    </td>\n</tr>\n\n<tr>\n    <td class=\"content-block\">\n        <table class=\"order\">\n            <tbody><tr>\n                <td>Your order contains:</td>\n            </tr>\n            <tr>\n                <td>\n                    <table class=\"order-items\" cellpadding=\"0\" cellspacing=\"0\">\n                        <tbody>\n                            \n                                <tr>\n                                    <td>Denim&#x27;s Jacket &times; 2</td>\n                                    <td class=\"alignright\">₹200.00</td>\n                                </tr>\n                            \n                            <tr>\n                                <td class=\"alignright\">Cart total:</td>\n                                <td class=\"alignright\">₹200.00</td>\n                            </tr>\n                            <tr>\n                                <td class=\"alignright\">Shipping:</td>\n                                <td class=\"alignright\">₹0.00</td>\n                            </tr>\n                            <tr class=\"total\">\n                                <td class=\"alignright\" width=\"80%\">Order Total:</td>\n                                <td class=\"alignright\">₹200.00</td>\n                            </tr>\n                        </tbody>\n                    </table>\n                </td>\n            </tr>\n        </tbody></table>\n    </td>\n</tr>\n\n<tr>\n    <td class=\"content-block\">\n        <p>Shipping address:</p>\n        <p>  Ms Komal Rajput<br/>\n          Ground Floor, Jay Ambe Apartment<br/>\n          Nr. Gurudwara<br/>\n          Maninagar<br/>\n          Ahmedabad<br/>\n          Gujarat<br/>\n          380008<br/>\n          India<br/>\n        </p>\n    </td>\n</tr>\n\n\n    <tr>\n        <td class=\"content-block\">\n            You can view the status of this order by clicking <a href=\"http://example.com/accounts/orders/100001/\" title=\"order status\">here</a>\n        </td>\n    </tr>\n\n\n\n                                    \n                                        <tr>\n                                            <td class=\"content-block\">\n                                                <p>Thanks for using our site!</p>\n                                                <p>The example.com team</p>\n                                            </td>\n                                        </tr>\n                                    \n                                </table>\n                            </td>\n                        </tr>\n                    </table>\n                </div>\n            </td>\n            <td></td>\n        </tr>\n    </table>\n\n    </body>\n</html>", "date_sent": "2022-02-07T06:47:29.169Z"}}, {"model": "communication.email", "pk": 2, "fields": {"user": 1, "email": "admin@gmail.com", "subject": "Kurti is back in stock", "body_text": "Hello,\n\n\nWe are happy to inform you that our product 'Kurti' is back in stock:\nhttp://example.com/catalogue/kurti_5/\n\nWith this email we have disabled your alert automatically and you will not\nreceive any further email regarding this product.\n\nThanks for your interest,\nThe example.com Team\n\n", "body_html": "\n<!DOCTYPE html PUBLIC \"-//W3C//DTD XHTML 1.0 Transitional//EN\" \"http://www.w3.org/TR/xhtml1/DTD/xhtml1-transitional.dtd\">\n<html xmlns=\"http://www.w3.org/1999/xhtml\">\n    <head>\n        <meta name=\"viewport\" content=\"width=device-width\" />\n        <meta http-equiv=\"Content-Type\" content=\"text/html; charset=UTF-8\" />\n        <style>\n            * {\n              margin: 0;\n              font-family: \"Helvetica Neue\", Helvetica, Arial, sans-serif;\n              box-sizing: border-box;\n              font-size: 14px;\n            }\n\n            img {\n              max-width: 100%;\n            }\n\n            body {\n              -webkit-font-smoothing: antialiased;\n              -webkit-text-size-adjust: none;\n              width: 100% !important;\n              height: 100%;\n              line-height: 1.6em;\n            }\n\n            table td {\n              vertical-align: top;\n            }\n\n            body {\n              background-color: #f6f6f6;\n            }\n\n            .body-wrap {\n              background-color: #f6f6f6;\n              width: 100%;\n            }\n\n            .container {\n              display: block !important;\n              max-width: 600px !important;\n              margin: 0 auto !important;\n              clear: both !important;\n            }\n\n            .content {\n              max-width: 600px;\n              margin: 0 auto;\n              display: block;\n              padding: 20px;\n            }\n\n            .main {\n              background-color: #fff;\n              border: 1px solid #e9e9e9;\n              border-radius: 3px;\n            }\n\n            .content-wrap {\n              padding: 20px;\n            }\n\n            .content-block {\n              padding: 0 0 20px;\n            }\n\n            .header {\n              width: 100%;\n              margin-bottom: 20px;\n            }\n\n            .footer {\n              width: 100%;\n              clear: both;\n              color: #999;\n              padding: 20px;\n            }\n            .footer p, .footer a, .footer td {\n              color: #999;\n              font-size: 12px;\n            }\n\n            h1, h2, h3 {\n              font-family: \"Helvetica Neue\", Helvetica, Arial, \"Lucida Grande\", sans-serif;\n              color: #000;\n              margin: 40px 0 0;\n              line-height: 1.2em;\n              font-weight: 400;\n            }\n\n            h1 {\n              font-size: 32px;\n              font-weight: 500;\n            }\n\n            h2 {\n              font-size: 24px;\n            }\n\n            h3 {\n              font-size: 18px;\n            }\n\n            h4 {\n              font-size: 14px;\n              font-weight: 600;\n            }\n\n            p, ul, ol {\n              margin-bottom: 10px;\n              font-weight: normal;\n            }\n            p li, ul li, ol li {\n              margin-left: 5px;\n              list-style-position: inside;\n            }\n\n            a {\n              color: #348eda;\n              text-decoration: underline;\n            }\n\n            .btn-primary {\n              text-decoration: none;\n              color: #FFF;\n              background-color: #348eda;\n              border: solid #348eda;\n              border-width: 10px 20px;\n              line-height: 2em;\n              font-weight: bold;\n              text-align: center;\n              cursor: pointer;\n              display: inline-block;\n              border-radius: 5px;\n              text-transform: capitalize;\n            }\n\n            .last {\n              margin-bottom: 0;\n            }\n\n            .first {\n              margin-top: 0;\n            }\n\n            .aligncenter {\n              text-align: center;\n            }\n\n            .alignright {\n              text-align: right;\n            }\n\n            .alignleft {\n              text-align: left;\n            }\n\n            .clear {\n              clear: both;\n            }\n\n            .alert {\n              font-size: 16px;\n              color: #fff;\n              font-weight: 500;\n              padding: 20px;\n              text-align: center;\n              border-radius: 3px 3px 0 0;\n            }\n            .alert a {\n              color: #fff;\n              text-decoration: none;\n              font-weight: 500;\n              font-size: 16px;\n            }\n            .alert.alert-warning {\n              background-color: #FF9F00;\n            }\n            .alert.alert-bad {\n              background-color: #D0021B;\n            }\n            .alert.alert-good {\n              background-color: #68B90F;\n            }\n\n            .invoice {\n              margin: 40px auto;\n              text-align: left;\n              width: 80%;\n            }\n            .order {\n              text-align: left;\n              width: 100%;\n            }\n            .invoice td, .order td {\n              padding: 5px 0;\n            }\n            .invoice .invoice-items, .order .order-items {\n              width: 100%;\n            }\n            .invoice .invoice-items td, .order .order-items td {\n              border-top: #eee 1px solid;\n            }\n            .invoice .invoice-items .total td, .order .order-items .total td {\n              border-top: 2px solid #333;\n              border-bottom: 2px solid #333;\n              font-weight: 700;\n            }\n\n            @media only screen and (max-width: 640px) {\n              body {\n                padding: 0 !important;\n              }\n\n              h1, h2, h3, h4 {\n                font-weight: 800 !important;\n                margin: 20px 0 5px !important;\n              }\n\n              h1 {\n                font-size: 22px !important;\n              }\n\n              h2 {\n                font-size: 18px !important;\n              }\n\n              h3 {\n                font-size: 16px !important;\n              }\n\n              .container {\n                padding: 0 !important;\n                width: 100% !important;\n              }\n\n              .content {\n                padding: 0 !important;\n              }\n\n              .content-wrap {\n                padding: 10px !important;\n              }\n\n              .invoice {\n                width: 100% !important;\n              }\n\n              .order {\n                width: 100% !important;\n              }\n            }\n\n        </style>\n    </head>\n\n    <body itemscope itemtype=\"http://schema.org/EmailMessage\">\n\n    <table class=\"body-wrap\">\n        <tr>\n            <td></td>\n            <td class=\"container\" width=\"600\">\n                <div class=\"content\">\n                    <table class=\"main\" width=\"100%\" cellpadding=\"0\" cellspacing=\"0\" itemprop=\"action\" itemscope itemtype=\"http://schema.org/ConfirmAction\">\n                        <tr>\n                            <td class=\"content-wrap\">\n                                <table width=\"100%\" cellpadding=\"0\" cellspacing=\"0\">\n                                    \n                                    \n                                    <tr>\n                                        <td class=\"content-block\">\n                                            \n    <p>\n        \n            Hello,\n        \n    </p>\n\n    <p>\n        \n        \n            We are happy to inform you that our product 'Kurti' is back in stock:\n            http://example.com/catalogue/kurti_5/\n        \n    </p>\n\n    \n\n    <p>\n        \n            With this email we have disabled your alert automatically and you will not\n            receive any further email regarding this product.\n        \n    </p>\n\n                                        </td>\n                                    </tr>\n                                    \n                                    \n                                        <tr>\n                                            <td class=\"content-block\">\n                                                <p>Thanks for using our site!</p>\n                                                <p>The example.com team</p>\n                                            </td>\n                                        </tr>\n                                    \n                                </table>\n                            </td>\n                        </tr>\n                    </table>\n                </div>\n            </td>\n            <td></td>\n        </tr>\n    </table>\n\n    </body>\n</html>", "date_sent": "2022-02-07T07:18:40.203Z"}}, {"model": "communication.email", "pk": 3, "fields": {"user": 1, "email": "admin@gmail.com", "subject": "Confirmation of order 100002", "body_text": "Hello,\n\nWe are pleased to confirm your order 100002 has been received and\nwill be processed shortly.\n\nYour order contains:\n\n * Denim Jacket - quantity: 1 - price: ₹100.00\n\nCart total: ₹100.00\nShipping: ₹0.00\nOrder Total: ₹100.00\n\nShipping address:\n\n  Ms Komal Rajput\n  Ground Floor, Jay Ambe Apartment\n  Nr. Gurudwara\n  Maninagar\n  Ahmedabad\n  Gujarat\n  380008\n  India\n\n\n\nYou can view the status of this order at the below URL:\nhttp://example.com/accounts/orders/100002/\n\n\nThe team\n", "body_html": "\n<!DOCTYPE html PUBLIC \"-//W3C//DTD XHTML 1.0 Transitional//EN\" \"http://www.w3.org/TR/xhtml1/DTD/xhtml1-transitional.dtd\">\n<html xmlns=\"http://www.w3.org/1999/xhtml\">\n    <head>\n        <meta name=\"viewport\" content=\"width=device-width\" />\n        <meta http-equiv=\"Content-Type\" content=\"text/html; charset=UTF-8\" />\n        <style>\n            * {\n              margin: 0;\n              font-family: \"Helvetica Neue\", Helvetica, Arial, sans-serif;\n              box-sizing: border-box;\n              font-size: 14px;\n            }\n\n            img {\n              max-width: 100%;\n            }\n\n            body {\n              -webkit-font-smoothing: antialiased;\n              -webkit-text-size-adjust: none;\n              width: 100% !important;\n              height: 100%;\n              line-height: 1.6em;\n            }\n\n            table td {\n              vertical-align: top;\n            }\n\n            body {\n              background-color: #f6f6f6;\n            }\n\n            .body-wrap {\n              background-color: #f6f6f6;\n              width: 100%;\n            }\n\n            .container {\n              display: block !important;\n              max-width: 600px !important;\n              margin: 0 auto !important;\n              clear: both !important;\n            }\n\n            .content {\n              max-width: 600px;\n              margin: 0 auto;\n              display: block;\n              padding: 20px;\n            }\n\n            .main {\n              background-color: #fff;\n              border: 1px solid #e9e9e9;\n              border-radius: 3px;\n            }\n\n            .content-wrap {\n              padding: 20px;\n            }\n\n            .content-block {\n              padding: 0 0 20px;\n            }\n\n            .header {\n              width: 100%;\n              margin-bottom: 20px;\n            }\n\n            .footer {\n              width: 100%;\n              clear: both;\n              color: #999;\n              padding: 20px;\n            }\n            .footer p, .footer a, .footer td {\n              color: #999;\n              font-size: 12px;\n            }\n\n            h1, h2, h3 {\n              font-family: \"Helvetica Neue\", Helvetica, Arial, \"Lucida Grande\", sans-serif;\n              color: #000;\n              margin: 40px 0 0;\n              line-height: 1.2em;\n              font-weight: 400;\n            }\n\n            h1 {\n              font-size: 32px;\n              font-weight: 500;\n            }\n\n            h2 {\n              font-size: 24px;\n            }\n\n            h3 {\n              font-size: 18px;\n            }\n\n            h4 {\n              font-size: 14px;\n              font-weight: 600;\n            }\n\n            p, ul, ol {\n              margin-bottom: 10px;\n              font-weight: normal;\n            }\n            p li, ul li, ol li {\n              margin-left: 5px;\n              list-style-position: inside;\n            }\n\n            a {\n              color: #348eda;\n              text-decoration: underline;\n            }\n\n            .btn-primary {\n              text-decoration: none;\n              color: #FFF;\n              background-color: #348eda;\n              border: solid #348eda;\n              border-width: 10px 20px;\n              line-height: 2em;\n              font-weight: bold;\n              text-align: center;\n              cursor: pointer;\n              display: inline-block;\n              border-radius: 5px;\n              text-transform: capitalize;\n            }\n\n            .last {\n              margin-bottom: 0;\n            }\n\n            .first {\n              margin-top: 0;\n            }\n\n            .aligncenter {\n              text-align: center;\n            }\n\n            .alignright {\n              text-align: right;\n            }\n\n            .alignleft {\n              text-align: left;\n            }\n\n            .clear {\n              clear: both;\n            }\n\n            .alert {\n              font-size: 16px;\n              color: #fff;\n              font-weight: 500;\n              padding: 20px;\n              text-align: center;\n              border-radius: 3px 3px 0 0;\n            }\n            .alert a {\n              color: #fff;\n              text-decoration: none;\n              font-weight: 500;\n              font-size: 16px;\n            }\n            .alert.alert-warning {\n              background-color: #FF9F00;\n            }\n            .alert.alert-bad {\n              background-color: #D0021B;\n            }\n            .alert.alert-good {\n              background-color: #68B90F;\n            }\n\n            .invoice {\n              margin: 40px auto;\n              text-align: left;\n              width: 80%;\n            }\n            .order {\n              text-align: left;\n              width: 100%;\n            }\n            .invoice td, .order td {\n              padding: 5px 0;\n            }\n            .invoice .invoice-items, .order .order-items {\n              width: 100%;\n            }\n            .invoice .invoice-items td, .order .order-items td {\n              border-top: #eee 1px solid;\n            }\n            .invoice .invoice-items .total td, .order .order-items .total td {\n              border-top: 2px solid #333;\n              border-bottom: 2px solid #333;\n              font-weight: 700;\n            }\n\n            @media only screen and (max-width: 640px) {\n              body {\n                padding: 0 !important;\n              }\n\n              h1, h2, h3, h4 {\n                font-weight: 800 !important;\n                margin: 20px 0 5px !important;\n              }\n\n              h1 {\n                font-size: 22px !important;\n              }\n\n              h2 {\n                font-size: 18px !important;\n              }\n\n              h3 {\n                font-size: 16px !important;\n              }\n\n              .container {\n                padding: 0 !important;\n                width: 100% !important;\n              }\n\n              .content {\n                padding: 0 !important;\n              }\n\n              .content-wrap {\n                padding: 10px !important;\n              }\n\n              .invoice {\n                width: 100% !important;\n              }\n\n              .order {\n                width: 100% !important;\n              }\n            }\n\n        </style>\n    </head>\n\n    <body itemscope itemtype=\"http://schema.org/EmailMessage\">\n\n    <table class=\"body-wrap\">\n        <tr>\n            <td></td>\n            <td class=\"container\" width=\"600\">\n                <div class=\"content\">\n                    <table class=\"main\" width=\"100%\" cellpadding=\"0\" cellspacing=\"0\" itemprop=\"action\" itemscope itemtype=\"http://schema.org/ConfirmAction\">\n                        <tr>\n                            <td class=\"content-wrap\">\n                                <table width=\"100%\" cellpadding=\"0\" cellspacing=\"0\">\n                                    \n                                    \n<tr>\n    <td class=\"content-block\">\n        <p xmlns=\"http://www.w3.org/1999/html\">Hello,</p>\n        <p>We are pleased to confirm your order 100002 has been received and\n        will be processed shortly.</p>\n    </td>\n</tr>\n\n<tr>\n    <td class=\"content-block\">\n        <table class=\"order\">\n            <tbody><tr>\n                <td>Your order contains:</td>\n            </tr>\n            <tr>\n                <td>\n                    <table class=\"order-items\" cellpadding=\"0\" cellspacing=\"0\">\n                        <tbody>\n                            \n                                <tr>\n                                    <td>Denim Jacket &times; 1</td>\n                                    <td class=\"alignright\">₹100.00</td>\n                                </tr>\n                            \n                            <tr>\n                                <td class=\"alignright\">Cart total:</td>\n                                <td class=\"alignright\">₹100.00</td>\n                            </tr>\n                            <tr>\n                                <td class=\"alignright\">Shipping:</td>\n                                <td class=\"alignright\">₹0.00</td>\n                            </tr>\n                            <tr class=\"total\">\n                                <td class=\"alignright\" width=\"80%\">Order Total:</td>\n                                <td class=\"alignright\">₹100.00</td>\n                            </tr>\n                        </tbody>\n                    </table>\n                </td>\n            </tr>\n        </tbody></table>\n    </td>\n</tr>\n\n<tr>\n    <td class=\"content-block\">\n        <p>Shipping address:</p>\n        <p>  Ms Komal Rajput<br/>\n          Ground Floor, Jay Ambe Apartment<br/>\n          Nr. Gurudwara<br/>\n          Maninagar<br/>\n          Ahmedabad<br/>\n          Gujarat<br/>\n          380008<br/>\n          India<br/>\n        </p>\n    </td>\n</tr>\n\n\n    <tr>\n        <td class=\"content-block\">\n            You can view the status of this order by clicking <a href=\"http://example.com/accounts/orders/100002/\" title=\"order status\">here</a>\n        </td>\n    </tr>\n\n\n\n                                    \n                                        <tr>\n                                            <td class=\"content-block\">\n                                                <p>Thanks for using our site!</p>\n                                                <p>The example.com team</p>\n                                            </td>\n                                        </tr>\n                                    \n                                </table>\n                            </td>\n                        </tr>\n                    </table>\n                </div>\n            </td>\n            <td></td>\n        </tr>\n    </table>\n\n    </body>\n</html>", "date_sent": "2022-02-07T12:04:09.139Z"}}, {"model": "communication.email", "pk": 4, "fields": {"user": 1, "email": "admin@gmail.com", "subject": "Confirmation of order 100004", "body_text": "Hello,\n\nWe are pleased to confirm your order 100004 has been received and\nwill be processed shortly.\n\nYour order contains:\n\n * Denim Jacket - quantity: 1 - price: ₹100.00\n\nCart total: ₹100.00\nShipping: ₹0.00\nOrder Total: ₹100.00\n\nShipping address:\n\n  Ms Komal Rajput\n  Ground Floor, Jay Ambe Apartment\n  Nr. Gurudwara\n  Maninagar\n  Ahmedabad\n  Gujarat\n  380008\n  India\n\n\n\nYou can view the status of this order at the below URL:\nhttp://example.com/accounts/orders/100004/\n\n\nThe team\n", "body_html": "\n<!DOCTYPE html PUBLIC \"-//W3C//DTD XHTML 1.0 Transitional//EN\" \"http://www.w3.org/TR/xhtml1/DTD/xhtml1-transitional.dtd\">\n<html xmlns=\"http://www.w3.org/1999/xhtml\">\n    <head>\n        <meta name=\"viewport\" content=\"width=device-width\" />\n        <meta http-equiv=\"Content-Type\" content=\"text/html; charset=UTF-8\" />\n        <style>\n            * {\n              margin: 0;\n              font-family: \"Helvetica Neue\", Helvetica, Arial, sans-serif;\n              box-sizing: border-box;\n              font-size: 14px;\n            }\n\n            img {\n              max-width: 100%;\n            }\n\n            body {\n              -webkit-font-smoothing: antialiased;\n              -webkit-text-size-adjust: none;\n              width: 100% !important;\n              height: 100%;\n              line-height: 1.6em;\n            }\n\n            table td {\n              vertical-align: top;\n            }\n\n            body {\n              background-color: #f6f6f6;\n            }\n\n            .body-wrap {\n              background-color: #f6f6f6;\n              width: 100%;\n            }\n\n            .container {\n              display: block !important;\n              max-width: 600px !important;\n              margin: 0 auto !important;\n              clear: both !important;\n            }\n\n            .content {\n              max-width: 600px;\n              margin: 0 auto;\n              display: block;\n              padding: 20px;\n            }\n\n            .main {\n              background-color: #fff;\n              border: 1px solid #e9e9e9;\n              border-radius: 3px;\n            }\n\n            .content-wrap {\n              padding: 20px;\n            }\n\n            .content-block {\n              padding: 0 0 20px;\n            }\n\n            .header {\n              width: 100%;\n              margin-bottom: 20px;\n            }\n\n            .footer {\n              width: 100%;\n              clear: both;\n              color: #999;\n              padding: 20px;\n            }\n            .footer p, .footer a, .footer td {\n              color: #999;\n              font-size: 12px;\n            }\n\n            h1, h2, h3 {\n              font-family: \"Helvetica Neue\", Helvetica, Arial, \"Lucida Grande\", sans-serif;\n              color: #000;\n              margin: 40px 0 0;\n              line-height: 1.2em;\n              font-weight: 400;\n            }\n\n            h1 {\n              font-size: 32px;\n              font-weight: 500;\n            }\n\n            h2 {\n              font-size: 24px;\n            }\n\n            h3 {\n              font-size: 18px;\n            }\n\n            h4 {\n              font-size: 14px;\n              font-weight: 600;\n            }\n\n            p, ul, ol {\n              margin-bottom: 10px;\n              font-weight: normal;\n            }\n            p li, ul li, ol li {\n              margin-left: 5px;\n              list-style-position: inside;\n            }\n\n            a {\n              color: #348eda;\n              text-decoration: underline;\n            }\n\n            .btn-primary {\n              text-decoration: none;\n              color: #FFF;\n              background-color: #348eda;\n              border: solid #348eda;\n              border-width: 10px 20px;\n              line-height: 2em;\n              font-weight: bold;\n              text-align: center;\n              cursor: pointer;\n              display: inline-block;\n              border-radius: 5px;\n              text-transform: capitalize;\n            }\n\n            .last {\n              margin-bottom: 0;\n            }\n\n            .first {\n              margin-top: 0;\n            }\n\n            .aligncenter {\n              text-align: center;\n            }\n\n            .alignright {\n              text-align: right;\n            }\n\n            .alignleft {\n              text-align: left;\n            }\n\n            .clear {\n              clear: both;\n            }\n\n            .alert {\n              font-size: 16px;\n              color: #fff;\n              font-weight: 500;\n              padding: 20px;\n              text-align: center;\n              border-radius: 3px 3px 0 0;\n            }\n            .alert a {\n              color: #fff;\n              text-decoration: none;\n              font-weight: 500;\n              font-size: 16px;\n            }\n            .alert.alert-warning {\n              background-color: #FF9F00;\n            }\n            .alert.alert-bad {\n              background-color: #D0021B;\n            }\n            .alert.alert-good {\n              background-color: #68B90F;\n            }\n\n            .invoice {\n              margin: 40px auto;\n              text-align: left;\n              width: 80%;\n            }\n            .order {\n              text-align: left;\n              width: 100%;\n            }\n            .invoice td, .order td {\n              padding: 5px 0;\n            }\n            .invoice .invoice-items, .order .order-items {\n              width: 100%;\n            }\n            .invoice .invoice-items td, .order .order-items td {\n              border-top: #eee 1px solid;\n            }\n            .invoice .invoice-items .total td, .order .order-items .total td {\n              border-top: 2px solid #333;\n              border-bottom: 2px solid #333;\n              font-weight: 700;\n            }\n\n            @media only screen and (max-width: 640px) {\n              body {\n                padding: 0 !important;\n              }\n\n              h1, h2, h3, h4 {\n                font-weight: 800 !important;\n                margin: 20px 0 5px !important;\n              }\n\n              h1 {\n                font-size: 22px !important;\n              }\n\n              h2 {\n                font-size: 18px !important;\n              }\n\n              h3 {\n                font-size: 16px !important;\n              }\n\n              .container {\n                padding: 0 !important;\n                width: 100% !important;\n              }\n\n              .content {\n                padding: 0 !important;\n              }\n\n              .content-wrap {\n                padding: 10px !important;\n              }\n\n              .invoice {\n                width: 100% !important;\n              }\n\n              .order {\n                width: 100% !important;\n              }\n            }\n\n        </style>\n    </head>\n\n    <body itemscope itemtype=\"http://schema.org/EmailMessage\">\n\n    <table class=\"body-wrap\">\n        <tr>\n            <td></td>\n            <td class=\"container\" width=\"600\">\n                <div class=\"content\">\n                    <table class=\"main\" width=\"100%\" cellpadding=\"0\" cellspacing=\"0\" itemprop=\"action\" itemscope itemtype=\"http://schema.org/ConfirmAction\">\n                        <tr>\n                            <td class=\"content-wrap\">\n                                <table width=\"100%\" cellpadding=\"0\" cellspacing=\"0\">\n                                    \n                                    \n<tr>\n    <td class=\"content-block\">\n        <p xmlns=\"http://www.w3.org/1999/html\">Hello,</p>\n        <p>We are pleased to confirm your order 100004 has been received and\n        will be processed shortly.</p>\n    </td>\n</tr>\n\n<tr>\n    <td class=\"content-block\">\n        <table class=\"order\">\n            <tbody><tr>\n                <td>Your order contains:</td>\n            </tr>\n            <tr>\n                <td>\n                    <table class=\"order-items\" cellpadding=\"0\" cellspacing=\"0\">\n                        <tbody>\n                            \n                                <tr>\n                                    <td>Denim Jacket &times; 1</td>\n                                    <td class=\"alignright\">₹100.00</td>\n                                </tr>\n                            \n                            <tr>\n                                <td class=\"alignright\">Cart total:</td>\n                                <td class=\"alignright\">₹100.00</td>\n                            </tr>\n                            <tr>\n                                <td class=\"alignright\">Shipping:</td>\n                                <td class=\"alignright\">₹0.00</td>\n                            </tr>\n                            <tr class=\"total\">\n                                <td class=\"alignright\" width=\"80%\">Order Total:</td>\n                                <td class=\"alignright\">₹100.00</td>\n                            </tr>\n                        </tbody>\n                    </table>\n                </td>\n            </tr>\n        </tbody></table>\n    </td>\n</tr>\n\n<tr>\n    <td class=\"content-block\">\n        <p>Shipping address:</p>\n        <p>  Ms Komal Rajput<br/>\n          Ground Floor, Jay Ambe Apartment<br/>\n          Nr. Gurudwara<br/>\n          Maninagar<br/>\n          Ahmedabad<br/>\n          Gujarat<br/>\n          380008<br/>\n          India<br/>\n        </p>\n    </td>\n</tr>\n\n\n    <tr>\n        <td class=\"content-block\">\n            You can view the status of this order by clicking <a href=\"http://example.com/accounts/orders/100004/\" title=\"order status\">here</a>\n        </td>\n    </tr>\n\n\n\n                                    \n                                        <tr>\n                                            <td class=\"content-block\">\n                                                <p>Thanks for using our site!</p>\n                                                <p>The example.com team</p>\n                                            </td>\n                                        </tr>\n                                    \n                                </table>\n                            </td>\n                        </tr>\n                    </table>\n                </div>\n            </td>\n            <td></td>\n        </tr>\n    </table>\n\n    </body>\n</html>", "date_sent": "2022-02-07T12:18:23.991Z"}}, {"model": "communication.notification", "pk": 1, "fields": {"recipient": 1, "sender": null, "subject": "Kurti is back in stock", "body": "<a href=\"/catalogue/kurti_5/\">Kurti</a> is back in stock", "location": "Archive", "date_sent": "2022-02-07T07:18:40.187Z", "date_read": "2022-02-07T07:19:52.266Z"}}, {"model": "partner.partner", "pk": 1, "fields": {"code": "amazon-multi-channel-fulfillment", "name": "Amazon Multi-Channel Fulfillment", "users": []}}, {"model": "partner.stockrecord", "pk": 1, "fields": {"product": 8, "partner": 1, "partner_sku": "AH123", "price_currency": "INR", "price": "100.00", "num_in_stock": 10, "num_allocated": null, "low_stock_threshold": 3, "date_created": "2022-02-11T06:25:57.193Z", "date_updated": "2022-02-11T06:25:57.193Z"}}, {"model": "partner.stockrecord", "pk": 2, "fields": {"product": 7, "partner": 1, "partner_sku": "RDPD123", "price_currency": "INR", "price": "60.00", "num_in_stock": 10, "num_allocated": null, "low_stock_threshold": 2, "date_created": "2022-02-11T06:27:07.993Z", "date_updated": "2022-02-11T06:27:07.993Z"}}, {"model": "partner.stockrecord", "pk": 3, "fields": {"product": 10, "partner": 1, "partner_sku": "TPOM123", "price_currency": "INR", "price": "300.00", "num_in_stock": 5, "num_allocated": null, "low_stock_threshold": 2, "date_created": "2022-02-11T08:56:01.979Z", "date_updated": "2022-02-11T08:56:01.979Z"}}, {"model": "partner.stockrecord", "pk": 4, "fields": {"product": 11, "partner": 1, "partner_sku": "SONY1234", "price_currency": "INR", "price": "849.00", "num_in_stock": 7, "num_allocated": 4, "low_stock_threshold": 2, "date_created": "2022-02-14T12:28:05.803Z", "date_updated": "2022-02-14T12:28:05.803Z"}}, {"model": "basket.basket", "pk": 1, "fields": {"owner": 1, "status": "Submitted", "date_created": "2022-02-07T05:11:31.360Z", "date_merged": null, "date_submitted": "2022-02-07T06:47:29.128Z", "vouchers": []}}, {"model": "basket.basket", "pk": 2, "fields": {"owner": 1, "status": "Submitted", "date_created": "2022-02-07T06:48:07.396Z", "date_merged": null, "date_submitted": "2022-02-07T12:04:09.074Z", "vouchers": []}}, {"model": "basket.basket", "pk": 4, "fields": {"owner": 1, "status": "Submitted", "date_created": "2022-02-07T12:10:56.884Z", "date_merged": null, "date_submitted": "2022-02-07T12:17:51.347Z", "vouchers": []}}, {"model": "basket.basket", "pk": 5, "fields": {"owner": 1, "status": "Open", "date_created": "2022-02-07T12:24:31.988Z", "date_merged": null, "date_submitted": "2022-02-15T04:59:37.535Z", "vouchers": []}}, {"model": "basket.basket", "pk": 6, "fields": {"owner": null, "status": "Merged", "date_created": "2022-02-10T11:26:57.064Z", "date_merged": "2022-02-10T11:45:56.340Z", "date_submitted": null, "vouchers": []}}, {"model": "basket.basket", "pk": 7, "fields": {"owner": 1, "status": "Saved", "date_created": "2022-02-14T12:44:18.118Z", "date_merged": null, "date_submitted": null, "vouchers": []}}, {"model": "basket.basket", "pk": 8, "fields": {"owner": null, "status": "Open", "date_created": "2022-02-14T13:01:59.153Z", "date_merged": null, "date_submitted": null, "vouchers": []}}, {"model": "basket.line", "pk": 1, "fields": {"basket": 7, "line_reference": "7_2", "product": 7, "stockrecord": 2, "quantity": 8, "price_currency": "INR", "price_excl_tax": "60.00", "price_incl_tax": "60.00", "date_created": "2022-02-11T07:16:02.972Z", "date_updated": "2022-02-16T07:16:46.513Z"}}, {"model": "basket.line", "pk": 3, "fields": {"basket": 8, "line_reference": "11_4", "product": 11, "stockrecord": 4, "quantity": 2, "price_currency": "INR", "price_excl_tax": "849.00", "price_incl_tax": "849.00", "date_created": "2022-02-14T13:01:59.165Z", "date_updated": "2022-02-14T13:02:28.913Z"}}, {"model": "basket.line", "pk": 6, "fields": {"basket": 5, "line_reference": "10_3", "product": 10, "stockrecord": 3, "quantity": 2, "price_currency": "INR", "price_excl_tax": "300.00", "price_incl_tax": "300.00", "date_created": "2022-02-16T06:46:37.089Z", "date_updated": "2022-02-21T06:39:13.167Z"}}, {"model": "offer.conditionaloffer", "pk": 1, "fields": {"name": "Republic Day Sale", "slug": "republic-day-sale", "description": "<p>Republic Day Sale</p>", "offer_type": "Site", "exclusive": true, "status": "Consumed", "condition": 1, "benefit": 1, "priority": 0, "start_datetime": "2022-02-03T07:15:00Z", "end_datetime": "2022-02-26T12:45:00Z", "max_global_applications": 1, "max_user_applications": 1, "max_basket_applications": 1, "max_discount": "100.00", "total_discount": "10.00", "num_applications": 1, "num_orders": 1, "redirect_url": "", "date_created": "2022-02-07T07:13:11.103Z", "combinations": []}}, {"model": "offer.benefit", "pk": 1, "fields": {"range": 1, "type": "Percentage", "value": "10.00", "max_affected_items": 1, "proxy_class": ""}}, {"model": "offer.condition", "pk": 1, "fields": {"range": 1, "type": "Count", "value": "1.00", "proxy_class": ""}}, {"model": "offer.range", "pk": 1, "fields": {"name": "Applicable for orders above 100", "slug": "applicable-for-orders-above-100", "description": "<p>Applicable for orders above 100</p>", "is_public": true, "includes_all_products": true, "proxy_class": "", "date_created": "2022-02-07T07:11:26.806Z", "excluded_products": [], "classes": [], "included_categories": []}}, {"model": "order.order", "pk": 3, "fields": {"number": "100001", "site": 1, "basket": 1, "user": 1, "billing_address": null, "currency": "INR", "total_incl_tax": "200.00", "total_excl_tax": "200.00", "shipping_incl_tax": "0.00", "shipping_excl_tax": "0.00", "shipping_address": 7, "shipping_method": "Free shipping", "shipping_code": "free-shipping", "status": "", "guest_email": "", "date_placed": "2022-02-07T06:47:29.105Z"}}, {"model": "order.order", "pk": 5, "fields": {"number": "100002", "site": 1, "basket": 2, "user": 1, "billing_address": null, "currency": "INR", "total_incl_tax": "100.00", "total_excl_tax": "100.00", "shipping_incl_tax": "0.00", "shipping_excl_tax": "0.00", "shipping_address": 9, "shipping_method": "Free shipping", "shipping_code": "free-shipping", "status": "", "guest_email": "", "date_placed": "2022-02-07T12:04:09.053Z"}}, {"model": "order.order", "pk": 6, "fields": {"number": "100004", "site": 1, "basket": 4, "user": 1, "billing_address": null, "currency": "INR", "total_incl_tax": "100.00", "total_excl_tax": "100.00", "shipping_incl_tax": "0.00", "shipping_excl_tax": "0.00", "shipping_address": 10, "shipping_method": "Free shipping", "shipping_code": "free-shipping", "status": "", "guest_email": "", "date_placed": "2022-02-07T12:17:51.323Z"}}, {"model": "order.order", "pk": 7, "fields": {"number": "100005", "site": 1, "basket": 5, "user": 1, "billing_address": null, "currency": "INR", "total_incl_tax": "3396.00", "total_excl_tax": "3396.00", "shipping_incl_tax": "0.00", "shipping_excl_tax": "0.00", "shipping_address": 11, "shipping_method": "Free shipping", "shipping_code": "free-shipping", "status": "", "guest_email": "", "date_placed": "2022-02-15T04:59:37.514Z"}}, {"model": "order.shippingaddress", "pk": 1, "fields": {"title": "Ms", "first_name": "Komal", "last_name": "Rajput", "line1": "Ground Floor, Jay Ambe Apartment", "line2": "Nr. Gurudwara", "line3": "Maninagar", "line4": "Ahmedabad", "state": "Gujarat", "postcode": "380008", "country": "IN", "search_text": "Komal Rajput Ground Floor, Jay Ambe Apartment Nr. Gurudwara Maninagar Ahmedabad Gujarat 380008 Republic of India", "phone_number": "", "notes": ""}}, {"model": "order.shippingaddress", "pk": 2, "fields": {"title": "Ms", "first_name": "Komal", "last_name": "Rajput", "line1": "Ground Floor, Jay Ambe Apartment", "line2": "Nr. Gurudwara", "line3": "Maninagar", "line4": "Ahmedabad", "state": "Gujarat", "postcode": "380008", "country": "IN", "search_text": "Komal Rajput Ground Floor, Jay Ambe Apartment Nr. Gurudwara Maninagar Ahmedabad Gujarat 380008 Republic of India", "phone_number": "", "notes": ""}}, {"model": "order.shippingaddress", "pk": 3, "fields": {"title": "Ms", "first_name": "Komal", "last_name": "Rajput", "line1": "Ground Floor, Jay Ambe Apartment", "line2": "Nr. Gurudwara", "line3": "Maninagar", "line4": "Ahmedabad", "state": "Gujarat", "postcode": "380008", "country": "IN", "search_text": "Komal Rajput Ground Floor, Jay Ambe Apartment Nr. Gurudwara Maninagar Ahmedabad Gujarat 380008 Republic of India", "phone_number": "", "notes": ""}}, {"model": "order.shippingaddress", "pk": 4, "fields": {"title": "Ms", "first_name": "Komal", "last_name": "Rajput", "line1": "Ground Floor, Jay Ambe Apartment", "line2": "Nr. Gurudwara", "line3": "Maninagar", "line4": "Ahmedabad", "state": "Gujarat", "postcode": "380008", "country": "IN", "search_text": "Komal Rajput Ground Floor, Jay Ambe Apartment Nr. Gurudwara Maninagar Ahmedabad Gujarat 380008 Republic of India", "phone_number": "", "notes": ""}}, {"model": "order.shippingaddress", "pk": 5, "fields": {"title": "Ms", "first_name": "Komal", "last_name": "Rajput", "line1": "Ground Floor, Jay Ambe Apartment", "line2": "Nr. Gurudwara", "line3": "Maninagar", "line4": "Ahmedabad", "state": "Gujarat", "postcode": "380008", "country": "IN", "search_text": "Komal Rajput Ground Floor, Jay Ambe Apartment Nr. Gurudwara Maninagar Ahmedabad Gujarat 380008 Republic of India", "phone_number": "", "notes": ""}}, {"model": "order.shippingaddress", "pk": 6, "fields": {"title": "Ms", "first_name": "Komal", "last_name": "Rajput", "line1": "Ground Floor, Jay Ambe Apartment", "line2": "Nr. Gurudwara", "line3": "Maninagar", "line4": "Ahmedabad", "state": "Gujarat", "postcode": "380008", "country": "IN", "search_text": "Komal Rajput Ground Floor, Jay Ambe Apartment Nr. Gurudwara Maninagar Ahmedabad Gujarat 380008 Republic of India", "phone_number": "", "notes": ""}}, {"model": "order.shippingaddress", "pk": 7, "fields": {"title": "Ms", "first_name": "Komal", "last_name": "Rajput", "line1": "Ground Floor, Jay Ambe Apartment", "line2": "Nr. Gurudwara", "line3": "Maninagar", "line4": "Ahmedabad", "state": "Gujarat", "postcode": "380008", "country": "IN", "search_text": "Komal Rajput Ground Floor, Jay Ambe Apartment Nr. Gurudwara Maninagar Ahmedabad Gujarat 380008 Republic of India", "phone_number": "", "notes": ""}}, {"model": "order.shippingaddress", "pk": 8, "fields": {"title": "Ms", "first_name": "Komal", "last_name": "Rajput", "line1": "Ground Floor, Jay Ambe Apartment", "line2": "Nr. Gurudwara", "line3": "Maninagar", "line4": "Ahmedabad", "state": "Gujarat", "postcode": "380008", "country": "IN", "search_text": "Komal Rajput Ground Floor, Jay Ambe Apartment Nr. Gurudwara Maninagar Ahmedabad Gujarat 380008 Republic of India", "phone_number": "", "notes": ""}}, {"model": "order.shippingaddress", "pk": 9, "fields": {"title": "Ms", "first_name": "Komal", "last_name": "Rajput", "line1": "Ground Floor, Jay Ambe Apartment", "line2": "Nr. Gurudwara", "line3": "Maninagar", "line4": "Ahmedabad", "state": "Gujarat", "postcode": "380008", "country": "IN", "search_text": "Komal Rajput Ground Floor, Jay Ambe Apartment Nr. Gurudwara Maninagar Ahmedabad Gujarat 380008 Republic of India", "phone_number": "", "notes": ""}}, {"model": "order.shippingaddress", "pk": 10, "fields": {"title": "Ms", "first_name": "Komal", "last_name": "Rajput", "line1": "Ground Floor, Jay Ambe Apartment", "line2": "Nr. Gurudwara", "line3": "Maninagar", "line4": "Ahmedabad", "state": "Gujarat", "postcode": "380008", "country": "IN", "search_text": "Komal Rajput Ground Floor, Jay Ambe Apartment Nr. Gurudwara Maninagar Ahmedabad Gujarat 380008 Republic of India", "phone_number": "", "notes": ""}}, {"model": "order.shippingaddress", "pk": 11, "fields": {"title": "Ms", "first_name": "Komal", "last_name": "Rajput", "line1": "Ground Floor, Jay Ambe Apartment", "line2": "Nr. Gurudwara", "line3": "Maninagar", "line4": "Ahmedabad", "state": "Gujarat", "postcode": "380008", "country": "IN", "search_text": "Komal Rajput Ground Floor, Jay Ambe Apartment Nr. Gurudwara Maninagar Ahmedabad Gujarat 380008 Republic of India", "phone_number": "", "notes": ""}}, {"model": "order.line", "pk": 3, "fields": {"order": 3, "partner": 1, "partner_name": "Amazon Multi-Channel Fulfillment", "partner_sku": "ZG011AQA", "partner_line_reference": "", "partner_line_notes": "", "stockrecord": null, "product": null, "title": "Denim's Jacket", "upc": "", "quantity": 2, "line_price_incl_tax": "200.00", "line_price_excl_tax": "200.00", "line_price_before_discounts_incl_tax": "200.00", "line_price_before_discounts_excl_tax": "200.00", "unit_price_incl_tax": "100.00", "unit_price_excl_tax": "100.00", "status": ""}}, {"model": "order.line", "pk": 5, "fields": {"order": 5, "partner": 1, "partner_name": "Amazon Multi-Channel Fulfillment", "partner_sku": "ZG011AQA", "partner_line_reference": "", "partner_line_notes": "", "stockrecord": null, "product": null, "title": "Denim Jacket", "upc": "", "quantity": 1, "line_price_incl_tax": "100.00", "line_price_excl_tax": "100.00", "line_price_before_discounts_incl_tax": "100.00", "line_price_before_discounts_excl_tax": "100.00", "unit_price_incl_tax": "100.00", "unit_price_excl_tax": "100.00", "status": ""}}, {"model": "order.line", "pk": 6, "fields": {"order": 6, "partner": 1, "partner_name": "Amazon Multi-Channel Fulfillment", "partner_sku": "ZG011AQA", "partner_line_reference": "", "partner_line_notes": "", "stockrecord": null, "product": null, "title": "Denim Jacket", "upc": "", "quantity": 1, "line_price_incl_tax": "100.00", "line_price_excl_tax": "100.00", "line_price_before_discounts_incl_tax": "100.00", "line_price_before_discounts_excl_tax": "100.00", "unit_price_incl_tax": "100.00", "unit_price_excl_tax": "100.00", "status": ""}}, {"model": "order.line", "pk": 7, "fields": {"order": 7, "partner": 1, "partner_name": "Amazon Multi-Channel Fulfillment", "partner_sku": "SONY1234", "partner_line_reference": "", "partner_line_notes": "", "stockrecord": 4, "product": 11, "title": "Sony WH-1000XM3 Bluetooth Wireless Over Ear Headphones with Mic (Black)", "upc": "", "quantity": 4, "line_price_incl_tax": "3396.00", "line_price_excl_tax": "3396.00", "line_price_before_discounts_incl_tax": "3396.00", "line_price_before_discounts_excl_tax": "3396.00", "unit_price_incl_tax": "849.00", "unit_price_excl_tax": "849.00", "status": ""}}, {"model": "order.lineprice", "pk": 3, "fields": {"order": 3, "line": 3, "quantity": 2, "price_incl_tax": "100.00", "price_excl_tax": "100.00", "shipping_incl_tax": "0.00", "shipping_excl_tax": "0.00"}}, {"model": "order.lineprice", "pk": 5, "fields": {"order": 5, "line": 5, "quantity": 1, "price_incl_tax": "100.00", "price_excl_tax": "100.00", "shipping_incl_tax": "0.00", "shipping_excl_tax": "0.00"}}, {"model": "order.lineprice", "pk": 6, "fields": {"order": 6, "line": 6, "quantity": 1, "price_incl_tax": "100.00", "price_excl_tax": "100.00", "shipping_incl_tax": "0.00", "shipping_excl_tax": "0.00"}}, {"model": "order.lineprice", "pk": 7, "fields": {"order": 7, "line": 7, "quantity": 4, "price_incl_tax": "849.00", "price_excl_tax": "849.00", "shipping_incl_tax": "0.00", "shipping_excl_tax": "0.00"}}, {"model": "thumbnail.kvstore", "pk": "sorl-thumbnail||image||08c376654ff3c867c75a490539be2e1e", "fields": {"value": "{\"name\": \"cache/94/81/9481abbecea05b3dff713da34a3fe495.jpg\", \"storage\": \"django.core.files.storage.FileSystemStorage\", \"size\": [46, 70]}"}}, {"model": "thumbnail.kvstore", "pk": "sorl-thumbnail||image||21f54897324bafe0569d393d21b5e856", "fields": {"value": "{\"name\": \"cache/dd/47/dd47939b792406659c317fc4c2000e9b.jpg\", \"storage\": \"django.core.files.storage.FileSystemStorage\", \"size\": [155, 155]}"}}, {"model": "thumbnail.kvstore", "pk": "sorl-thumbnail||image||2d66ac389ec0735f8deb3dcb366230ca", "fields": {"value": "{\"name\": \"cache/9d/0a/9d0a6c414f7a745a7ac4474b017220d3.jpg\", \"storage\": \"django.core.files.storage.FileSystemStorage\", \"size\": [58, 70]}"}}, {"model": "thumbnail.kvstore", "pk": "sorl-thumbnail||image||333d9bc5d06398a67bb04eb910e0936c", "fields": {"value": "{\"name\": \"image_not_found.jpg\", \"storage\": \"django.core.files.storage.FileSystemStorage\", \"size\": [400, 300]}"}}, {"model": "thumbnail.kvstore", "pk": "sorl-thumbnail||image||3550c2b08a6c122afaefffdd0e17e988", "fields": {"value": "{\"name\": \"cache/5d/ca/5dca284ca817f4af6901cc5b4d8ceda8.jpg\", \"storage\": \"django.core.files.storage.FileSystemStorage\", \"size\": [77, 100]}"}}, {"model": "thumbnail.kvstore", "pk": "sorl-thumbnail||image||373a792ae9020a1e21ee4f0561e8e7d9", "fields": {"value": "{\"name\": \"cache/88/52/88528dda37522c699a8bd118bbe7c597.jpg\", \"storage\": \"django.core.files.storage.FileSystemStorage\", \"size\": [66, 100]}"}}, {"model": "thumbnail.kvstore", "pk": "sorl-thumbnail||image||419363d60e79b7220aa89f42b83975b5", "fields": {"value": "{\"name\": \"cache/ca/b8/cab8136ca8338200226ec402db1f713c.jpg\", \"storage\": \"django.core.files.storage.FileSystemStorage\", \"size\": [54, 70]}"}}, {"model": "thumbnail.kvstore", "pk": "sorl-thumbnail||image||44a6b3f98f08bb193e1ca6b1ee181fa8", "fields": {"value": "{\"name\": \"images/products/2022/02/rich_dad_poor_dad.jpeg\", \"storage\": \"django.core.files.storage.FileSystemStorage\", \"size\": [183, 276]}"}}, {"model": "thumbnail.kvstore", "pk": "sorl-thumbnail||image||4a150fdcd771927e169b61f992d1bfc9", "fields": {"value": "{\"name\": \"cache/a9/1d/a91d5b7ddb4d1e6de20d6b58618a0ce4.jpg\", \"storage\": \"django.core.files.storage.FileSystemStorage\", \"size\": [155, 200]}"}}, {"model": "thumbnail.kvstore", "pk": "sorl-thumbnail||image||4eff8bef9fa73f3efb4ba85211a8b656", "fields": {"value": "{\"name\": \"images/products/2022/02/samsung.png\", \"storage\": \"django.core.files.storage.FileSystemStorage\", \"size\": [684, 547]}"}}, {"model": "thumbnail.kvstore", "pk": "sorl-thumbnail||image||5ff9c7627fab3024202ae25e8dc483bf", "fields": {"value": "{\"name\": \"cache/14/91/149135a682a4f641c57a3321fcfad32a.jpg\", \"storage\": \"django.core.files.storage.FileSystemStorage\", \"size\": [83, 100]}"}}, {"model": "thumbnail.kvstore", "pk": "sorl-thumbnail||image||6fa28f84a5ddbc42efa379ed2f69e17d", "fields": {"value": "{\"name\": \"cache/d7/bb/d7bb3f64304f06e69b087bcc29791b5b.jpg\", \"storage\": \"django.core.files.storage.FileSystemStorage\", \"size\": [167, 200]}"}}, {"model": "thumbnail.kvstore", "pk": "sorl-thumbnail||image||770b9978755692e98219f6e8d39a73bd", "fields": {"value": "{\"name\": \"cache/17/8f/178fb894a068af13e4206739dbb86ea9.jpg\", \"storage\": \"django.core.files.storage.FileSystemStorage\", \"size\": [70, 56]}"}}, {"model": "thumbnail.kvstore", "pk": "sorl-thumbnail||image||7f189983f65ce039ed1201380f763928", "fields": {"value": "{\"name\": \"cache/8f/3a/8f3aac18a0af2204cf707c19abbca3bc.jpg\", \"storage\": \"django.core.files.storage.FileSystemStorage\", \"size\": [183, 276]}"}}, {"model": "thumbnail.kvstore", "pk": "sorl-thumbnail||image||82d86649c337485d7ce16762750e524c", "fields": {"value": "{\"name\": \"cache/ee/d6/eed6bcfd8732ca981f2d25a20233226c.jpg\", \"storage\": \"django.core.files.storage.FileSystemStorage\", \"size\": [207, 155]}"}}, {"model": "thumbnail.kvstore", "pk": "sorl-thumbnail||image||89e231747f418ddd168fe37f70c63d2e", "fields": {"value": "{\"name\": \"cache/d2/69/d269dd8597eb9b1d8d5657cb709d9fc4.jpg\", \"storage\": \"django.core.files.storage.FileSystemStorage\", \"size\": [334, 400]}"}}, {"model": "thumbnail.kvstore", "pk": "sorl-thumbnail||image||95cb1e2759ec78dbdb5a4175accc2c26", "fields": {"value": "{\"name\": \"cache/bc/c0/bcc0055e08445d67e29fc67309b7b1cb.jpg\", \"storage\": \"django.core.files.storage.FileSystemStorage\", \"size\": [225, 225]}"}}, {"model": "thumbnail.kvstore", "pk": "sorl-thumbnail||image||9750a9e622ba72d6307fe83dac8dc62f", "fields": {"value": "{\"name\": \"cache/24/be/24bede757432be69165f1378480fa274.jpg\", \"storage\": \"django.core.files.storage.FileSystemStorage\", \"size\": [70, 70]}"}}, {"model": "thumbnail.kvstore", "pk": "sorl-thumbnail||image||a369d6355d97de518a00260fafffe061", "fields": {"value": "{\"name\": \"cache/58/4e/584e158118541d22f2e53e646793a697.jpg\", \"storage\": \"django.core.files.storage.FileSystemStorage\", \"size\": [194, 155]}"}}, {"model": "thumbnail.kvstore", "pk": "sorl-thumbnail||image||a4dc43468be08bd6b069c4b9b691d539", "fields": {"value": "{\"name\": \"images/products/2022/02/atomic_habits.jpeg\", \"storage\": \"django.core.files.storage.FileSystemStorage\", \"size\": [197, 255]}"}}, {"model": "thumbnail.kvstore", "pk": "sorl-thumbnail||image||b3383611734ed2338bbeab546fc3f622", "fields": {"value": "{\"name\": \"cache/d3/9e/d39eba786342dc0b9b570d290da699be.jpg\", \"storage\": \"django.core.files.storage.FileSystemStorage\", \"size\": [200, 200]}"}}, {"model": "thumbnail.kvstore", "pk": "sorl-thumbnail||image||b57e1690d2d481e0f0a8a2aadd0523f1", "fields": {"value": "{\"name\": \"cache/6a/df/6adfd0d8eecedcb77046e9ba5d71c0ad.jpg\", \"storage\": \"django.core.files.storage.FileSystemStorage\", \"size\": [103, 155]}"}}, {"model": "thumbnail.kvstore", "pk": "sorl-thumbnail||image||c3f9347f71cc423f4acce0beb95b08a0", "fields": {"value": "{\"name\": \"cache/e3/2f/e32f6b9a87dddab6cfc0abfb2a3108c1.jpg\", \"storage\": \"django.core.files.storage.FileSystemStorage\", \"size\": [133, 200]}"}}, {"model": "thumbnail.kvstore", "pk": "sorl-thumbnail||image||cc3e2c7d19f166d646de4fe091e1708e", "fields": {"value": "{\"name\": \"images/products/2022/02/psychology_of_money.jpeg\", \"storage\": \"django.core.files.storage.FileSystemStorage\", \"size\": [225, 225]}"}}, {"model": "thumbnail.kvstore", "pk": "sorl-thumbnail||image||cec7702b62925739bb08004e87181b32", "fields": {"value": "{\"name\": \"cache/b4/df/b4df55a6cfa1c30555ff6789dcf47a09.jpg\", \"storage\": \"django.core.files.storage.FileSystemStorage\", \"size\": [100, 100]}"}}, {"model": "thumbnail.kvstore", "pk": "sorl-thumbnail||image||d4f95f235151593f473e7747f9476782", "fields": {"value": "{\"name\": \"cache/32/41/324170d4d02dd88d0102b391decb015f.jpg\", \"storage\": \"django.core.files.storage.FileSystemStorage\", \"size\": [129, 155]}"}}, {"model": "thumbnail.kvstore", "pk": "sorl-thumbnail||image||d56e8337d4ccbc18e14c7048fe8eb78e", "fields": {"value": "{\"name\": \"cache/2f/d4/2fd490904c5da48518a91de15593f2a3.jpg\", \"storage\": \"django.core.files.storage.FileSystemStorage\", \"size\": [120, 155]}"}}, {"model": "thumbnail.kvstore", "pk": "sorl-thumbnail||image||d6ce8e52f3a7211fc0d9807a3eed5c83", "fields": {"value": "{\"name\": \"cache/f6/40/f640034acf91a5d2a021cc3103d03f40.jpg\", \"storage\": \"django.core.files.storage.FileSystemStorage\", \"size\": [197, 255]}"}}, {"model": "thumbnail.kvstore", "pk": "sorl-thumbnail||image||dfb96a67638cf48e54678c8a2cb3d935", "fields": {"value": "{\"name\": \"images/products/2022/02/headphones.jpg\", \"storage\": \"django.core.files.storage.FileSystemStorage\", \"size\": [1251, 1500]}"}}, {"model": "thumbnail.kvstore", "pk": "sorl-thumbnail||image||e40ec7eeab3a0de0550ad56afbea116a", "fields": {"value": "{\"name\": \"cache/82/b7/82b7ec9bfd8098fe2013f43ad334fb65.jpg\", \"storage\": \"django.core.files.storage.FileSystemStorage\", \"size\": [440, 352]}"}}, {"model": "thumbnail.kvstore", "pk": "sorl-thumbnail||image||e6d06f033dd0604488d127275dc57ad7", "fields": {"value": "{\"name\": \"cache/ea/33/ea33c3fbe61ff54e9ce4be8529d978b0.jpg\", \"storage\": \"django.core.files.storage.FileSystemStorage\", \"size\": [100, 80]}"}}, {"model": "thumbnail.kvstore", "pk": "sorl-thumbnail||thumbnails||333d9bc5d06398a67bb04eb910e0936c", "fields": {"value": "[\"82d86649c337485d7ce16762750e524c\"]"}}, {"model": "thumbnail.kvstore", "pk": "sorl-thumbnail||thumbnails||44a6b3f98f08bb193e1ca6b1ee181fa8", "fields": {"value": "[\"08c376654ff3c867c75a490539be2e1e\", \"373a792ae9020a1e21ee4f0561e8e7d9\", \"b57e1690d2d481e0f0a8a2aadd0523f1\", \"c3f9347f71cc423f4acce0beb95b08a0\", \"7f189983f65ce039ed1201380f763928\"]"}}, {"model": "thumbnail.kvstore", "pk": "sorl-thumbnail||thumbnails||4eff8bef9fa73f3efb4ba85211a8b656", "fields": {"value": "[\"e40ec7eeab3a0de0550ad56afbea116a\", \"a369d6355d97de518a00260fafffe061\", \"e6d06f033dd0604488d127275dc57ad7\", \"770b9978755692e98219f6e8d39a73bd\"]"}}, {"model": "thumbnail.kvstore", "pk": "sorl-thumbnail||thumbnails||a4dc43468be08bd6b069c4b9b691d539", "fields": {"value": "[\"419363d60e79b7220aa89f42b83975b5\", \"d56e8337d4ccbc18e14c7048fe8eb78e\", \"d6ce8e52f3a7211fc0d9807a3eed5c83\", \"4a150fdcd771927e169b61f992d1bfc9\", \"3550c2b08a6c122afaefffdd0e17e988\"]"}}, {"model": "thumbnail.kvstore", "pk": "sorl-thumbnail||thumbnails||cc3e2c7d19f166d646de4fe091e1708e", "fields": {"value": "[\"9750a9e622ba72d6307fe83dac8dc62f\", \"95cb1e2759ec78dbdb5a4175accc2c26\", \"cec7702b62925739bb08004e87181b32\", \"b3383611734ed2338bbeab546fc3f622\", \"21f54897324bafe0569d393d21b5e856\"]"}}, {"model": "thumbnail.kvstore", "pk": "sorl-thumbnail||thumbnails||dfb96a67638cf48e54678c8a2cb3d935", "fields": {"value": "[\"6fa28f84a5ddbc42efa379ed2f69e17d\", \"89e231747f418ddd168fe37f70c63d2e\", \"5ff9c7627fab3024202ae25e8dc483bf\", \"d4f95f235151593f473e7747f9476782\", \"2d66ac389ec0735f8deb3dcb366230ca\"]"}}]